id,SNP1,SNP2,PRS,Trait/Height
1,1,2,7.33 ,172
2,1,2,5.05 ,172
3,0,0,7.34 ,167
4,1,1,7.18 ,184
5,1,1,7.15 ,167
6,1,1,5.92 ,171
7,1,2,5.61 ,173
8,2,0,7.11 ,165
9,1,1,2.11 ,173
10,1,2,8.34 ,177
11,2,1,1.51 ,181
12,1,0,5.80 ,189
13,1,0,7.64 ,187
14,1,1,6.80 ,184
15,1,0,2.47 ,178
16,1,0,0.65 ,176
17,1,0,8.87 ,190
18,1,0,4.37 ,185
19,1,0,7.43 ,176
20,1,1,1.24 ,182
21,2,2,4.21 ,163
22,2,1,0.16 ,177
23,1,0,0.43 ,175
24,0,0,7.41 ,161
25,1,0,8.26 ,162
26,1,1,2.12 ,162
27,1,2,1.20 ,164
28,1,2,3.02 ,177
29,1,1,9.03 ,187
30,1,1,6.22 ,179
31,1,1,2.16 ,161
32,1,0,4.47 ,172
33,2,1,0.64 ,164
34,1,1,4.89 ,166
35,1,1,7.74 ,171
36,1,1,5.48 ,165
37,0,0,5.22 ,163
38,2,0,8.38 ,175
39,1,1,9.93 ,167
40,1,2,5.87 ,178
41,1,0,9.87 ,172
42,1,0,2.32 ,182
43,1,0,3.54 ,164
44,1,2,1.01 ,182
45,0,1,5.73 ,186
46,1,1,5.32 ,184
47,1,2,6.77 ,187
48,1,2,3.69 ,177
49,1,2,4.00 ,175
50,1,2,8.34 ,189
51,1,1,6.94 ,188
52,1,2,3.11 ,185
53,1,2,1.85 ,181
54,1,1,9.45 ,168
55,1,2,3.42 ,165
56,2,2,4.43 ,172
57,1,2,1.71 ,160
58,1,1,3.74 ,162
59,1,0,2.11 ,183
60,2,0,2.48 ,178
61,1,0,5.21 ,190
62,1,2,7.31 ,171
63,1,1,0.89 ,187
64,1,2,4.13 ,178
65,2,1,7.12 ,176
66,1,2,7.86 ,173
67,1,2,3.29 ,190
68,1,0,5.94 ,161
69,1,2,0.49 ,178
70,0,0,4.09 ,180
71,1,2,2.73 ,182
72,1,2,7.51 ,182
73,1,0,8.91 ,185
74,2,1,4.38 ,172
75,1,1,3.96 ,173
76,1,0,5.47 ,185
77,1,2,0.69 ,179
78,1,0,9.07 ,169
79,1,0,0.38 ,171
80,2,2,6.41 ,183
81,1,1,2.34 ,170
82,1,1,2.62 ,172
83,1,1,4.56 ,171
84,0,0,9.70 ,178
85,2,2,5.67 ,173
86,1,0,5.04 ,184
87,1,2,1.57 ,162
88,0,2,8.72 ,172
89,1,2,3.54 ,189
90,1,0,3.98 ,173
91,1,1,7.41 ,181
92,1,0,2.67 ,164
93,1,0,3.16 ,163
94,1,0,3.87 ,165
95,1,1,7.34 ,173
96,1,0,5.83 ,180
97,1,0,1.50 ,167
98,1,1,9.67 ,163
99,1,0,6.64 ,174
100,1,0,6.44 ,177
101,1,0,5.16 ,179
102,1,2,7.69 ,181
103,1,0,3.82 ,189
104,2,1,5.15 ,175
105,1,1,9.65 ,184
106,1,1,6.72 ,177
107,1,2,7.95 ,188
108,1,2,1.78 ,161
109,0,1,3.53 ,176
110,2,0,8.88 ,185
111,1,0,4.81 ,183
112,0,2,5.93 ,175
113,1,0,0.68 ,189
114,1,1,7.13 ,176
115,2,0,3.19 ,170
116,0,0,5.25 ,164
117,1,0,6.97 ,178
118,1,2,0.92 ,176
119,1,1,4.98 ,180
120,1,1,3.91 ,164
121,1,1,9.29 ,171
122,1,1,4.24 ,169
123,1,1,6.71 ,171
124,1,0,8.74 ,178
125,1,1,2.05 ,174
126,1,0,4.31 ,184
127,1,1,4.38 ,176
128,1,1,3.70 ,170
129,1,2,4.78 ,187
130,0,0,6.54 ,180
131,1,2,7.48 ,184
132,0,0,5.55 ,164
133,1,0,2.32 ,167
134,1,2,7.82 ,190
135,1,0,3.83 ,175
136,1,0,3.04 ,171
137,1,1,0.65 ,190
138,1,2,0.54 ,176
139,1,2,9.80 ,165
140,0,0,1.86 ,180
141,2,2,9.99 ,160
142,1,1,3.59 ,168
143,1,2,7.15 ,186
144,1,1,5.86 ,174
145,0,2,6.49 ,175
146,1,0,1.56 ,166
147,1,0,9.50 ,178
148,1,2,5.38 ,170
149,1,0,2.38 ,162
150,1,2,2.75 ,170
151,1,1,9.21 ,173
152,1,0,9.73 ,162
153,1,1,2.48 ,180
154,2,2,7.28 ,173
155,1,1,9.62 ,169
156,1,1,2.88 ,170
157,0,2,4.26 ,181
158,1,2,0.21 ,162
159,1,0,3.60 ,161
160,1,1,8.76 ,161
161,1,2,9.74 ,190
162,1,0,0.98 ,187
163,0,0,2.24 ,173
164,1,0,4.95 ,161
165,1,1,1.92 ,185
166,2,2,8.36 ,164
167,1,1,5.39 ,161
168,0,0,1.78 ,190
169,1,0,7.99 ,186
170,1,2,9.74 ,182
171,1,2,2.01 ,179
172,1,1,6.15 ,181
173,1,0,4.16 ,175
174,2,1,4.76 ,180
175,1,1,8.83 ,189
176,1,0,7.42 ,167
177,1,0,5.55 ,187
178,1,0,2.54 ,173
179,1,1,2.64 ,185
180,1,0,8.03 ,175
181,1,1,6.29 ,169
182,0,0,3.18 ,160
183,2,2,3.89 ,165
184,1,2,1.81 ,187
185,2,1,0.60 ,189
186,1,0,8.23 ,185
187,2,2,3.70 ,179
188,1,2,2.41 ,183
189,1,2,1.43 ,179
190,1,1,2.20 ,190
191,0,0,9.01 ,173
192,1,2,4.42 ,172
193,1,1,0.76 ,190
194,1,1,6.78 ,161
195,2,0,4.13 ,173
196,1,2,3.66 ,161
197,1,2,5.57 ,189
198,1,0,4.54 ,174
199,1,0,4.32 ,187
200,1,0,1.58 ,181
201,1,0,7.54 ,178
202,1,2,7.26 ,187
203,0,0,3.90 ,175
204,1,1,1.15 ,185
205,1,2,0.49 ,162
206,1,1,0.06 ,178
207,1,0,0.56 ,179
208,1,2,1.59 ,190
209,1,2,1.14 ,162
210,2,0,9.21 ,184
211,1,1,4.61 ,177
212,1,0,4.59 ,178
213,2,2,7.77 ,164
214,1,1,0.48 ,189
215,1,0,8.93 ,185
216,1,0,7.53 ,185
217,1,1,9.84 ,166
218,2,1,4.55 ,190
219,1,1,4.70 ,164
220,1,1,2.97 ,178
221,0,2,9.36 ,182
222,2,2,1.18 ,162
223,1,0,5.35 ,171
224,1,1,7.97 ,186
225,2,0,3.19 ,167
226,1,2,4.26 ,189
227,1,0,4.32 ,174
228,1,0,9.19 ,188
229,2,2,2.19 ,176
230,1,0,4.99 ,166
231,1,0,4.64 ,179
232,1,2,7.05 ,175
233,2,1,6.92 ,163
234,1,1,7.41 ,183
235,1,0,5.42 ,167
236,2,1,2.88 ,162
237,1,1,9.97 ,177
238,1,2,1.47 ,186
239,1,2,2.82 ,171
240,2,1,9.90 ,165
241,1,1,3.76 ,168
242,1,1,1.99 ,174
243,2,2,1.06 ,180
244,0,2,7.82 ,163
245,2,1,6.94 ,161
246,2,2,0.06 ,168
247,1,0,8.05 ,189
248,1,0,1.74 ,161
249,1,0,1.14 ,160
250,1,1,0.56 ,168
251,1,1,8.10 ,177
252,1,0,3.43 ,180
253,1,0,6.28 ,170
254,1,1,4.56 ,167
255,1,2,4.97 ,188
256,1,0,5.33 ,164
257,1,1,3.57 ,164
258,2,2,3.46 ,190
259,1,0,6.30 ,163
260,1,2,3.18 ,186
261,1,2,3.94 ,183
262,1,2,0.98 ,176
263,1,2,5.37 ,189
264,1,2,9.48 ,168
265,1,2,6.63 ,187
266,1,0,1.94 ,184
267,1,0,7.53 ,171
268,1,0,5.18 ,161
269,1,0,9.83 ,177
270,1,2,1.16 ,175
271,1,0,2.69 ,161
272,1,2,6.88 ,169
273,2,1,1.10 ,161
274,1,2,2.17 ,184
275,1,1,6.05 ,180
276,1,2,3.75 ,164
277,1,2,4.62 ,171
278,1,1,1.31 ,167
279,1,1,0.07 ,189
280,1,1,6.46 ,174
281,1,0,1.42 ,161
282,0,2,3.11 ,174
283,1,0,0.96 ,167
284,1,1,7.05 ,189
285,1,1,5.67 ,180
286,1,0,0.93 ,168
287,1,1,8.73 ,174
288,1,0,9.37 ,172
289,1,2,8.97 ,186
290,1,0,4.60 ,183
291,0,1,6.90 ,174
292,1,1,9.93 ,189
293,1,1,9.83 ,186
294,1,2,6.85 ,160
295,1,2,8.54 ,187
296,1,0,2.83 ,186
297,1,2,7.81 ,178
298,1,1,2.86 ,164
299,2,0,2.03 ,171
300,0,0,9.61 ,181
301,1,2,6.72 ,161
302,1,0,0.20 ,166
303,1,2,1.52 ,177
304,2,2,0.86 ,183
305,2,1,3.44 ,179
306,1,2,0.69 ,175
307,1,2,4.20 ,184
308,2,1,7.47 ,189
309,1,0,7.17 ,188
310,1,0,2.37 ,174
311,1,0,7.12 ,190
312,1,1,8.30 ,161
313,1,2,2.89 ,176
314,0,0,2.36 ,178
315,1,2,7.33 ,179
316,1,2,4.53 ,171
317,1,2,2.01 ,181
318,1,0,3.80 ,184
319,2,2,4.14 ,176
320,1,2,1.68 ,175
321,1,0,2.24 ,190
322,1,2,4.78 ,190
323,0,2,7.22 ,181
324,1,2,8.12 ,163
325,2,2,6.13 ,164
326,1,1,8.77 ,171
327,2,2,3.45 ,162
328,0,2,6.76 ,181
329,0,2,4.01 ,165
330,1,2,4.49 ,169
331,2,0,7.28 ,162
332,1,0,0.98 ,171
333,1,1,5.77 ,171
334,0,1,1.20 ,178
335,1,2,6.31 ,189
336,1,2,9.83 ,178
337,2,2,3.49 ,183
338,1,2,5.01 ,163
339,1,2,1.27 ,168
340,1,0,7.00 ,178
341,1,1,0.98 ,170
342,1,0,1.87 ,170
343,1,0,7.39 ,176
344,1,2,7.58 ,172
345,1,2,9.18 ,172
346,2,1,6.59 ,183
347,1,0,4.11 ,161
348,1,2,3.48 ,161
349,2,1,8.13 ,185
350,1,1,5.48 ,169
351,1,2,3.42 ,163
352,0,0,8.28 ,178
353,0,0,7.74 ,181
354,0,0,5.26 ,172
355,1,2,5.95 ,188
356,1,2,7.93 ,169
357,1,0,6.93 ,165
358,2,1,1.52 ,182
359,1,0,8.12 ,188
360,1,0,0.65 ,186
361,1,1,9.42 ,168
362,1,0,5.62 ,165
363,1,0,6.74 ,183
364,1,1,9.60 ,169
365,1,1,3.63 ,162
366,0,1,3.72 ,188
367,1,2,7.03 ,165
368,1,1,6.38 ,175
369,1,1,7.71 ,161
370,1,1,7.13 ,181
371,1,1,3.05 ,175
372,0,0,9.05 ,190
373,1,0,9.38 ,189
374,1,1,8.30 ,175
375,1,0,4.95 ,185
376,2,2,5.99 ,181
377,1,0,3.59 ,185
378,1,0,7.92 ,169
379,1,2,2.51 ,162
380,1,1,7.23 ,176
381,1,2,0.70 ,178
382,0,2,5.55 ,180
383,1,2,2.88 ,175
384,1,1,3.10 ,162
385,1,1,4.46 ,172
386,1,0,0.92 ,174
387,1,1,5.96 ,163
388,1,2,0.33 ,177
389,1,2,5.91 ,181
390,1,0,8.90 ,168
391,1,0,0.78 ,184
392,1,1,3.11 ,164
393,1,2,4.48 ,182
394,1,1,3.62 ,178
395,1,2,5.07 ,184
396,1,0,1.50 ,172
397,1,2,7.38 ,168
398,1,2,2.57 ,175
399,2,1,4.19 ,167
400,1,2,8.99 ,188
401,1,0,6.29 ,181
402,1,0,3.65 ,175
403,1,2,3.31 ,190
404,2,0,8.84 ,187
405,1,1,5.69 ,185
406,1,1,7.92 ,172
407,1,0,9.15 ,162
408,1,1,0.24 ,177
409,1,1,9.10 ,187
410,1,2,1.32 ,162
411,2,1,2.01 ,179
412,1,1,8.29 ,163
413,1,2,4.72 ,181
414,1,2,2.59 ,175
415,1,1,0.52 ,189
416,0,2,6.34 ,185
417,1,1,2.60 ,165
418,1,2,2.97 ,180
419,1,1,0.58 ,186
420,1,2,0.98 ,160
421,2,0,8.46 ,182
422,1,1,0.77 ,170
423,0,2,3.24 ,189
424,1,2,3.19 ,180
425,1,1,1.64 ,190
426,1,2,6.73 ,186
427,1,1,7.15 ,188
428,1,2,9.85 ,161
429,1,1,4.67 ,174
430,1,2,8.38 ,179
431,0,1,4.17 ,190
432,1,2,5.32 ,181
433,2,1,2.74 ,179
434,1,2,8.23 ,182
435,1,0,9.60 ,160
436,1,0,6.81 ,163
437,2,2,0.07 ,171
438,1,0,3.78 ,190
439,2,2,3.57 ,173
440,1,0,8.14 ,175
441,1,0,9.65 ,185
442,0,0,6.26 ,162
443,1,0,2.86 ,167
444,1,0,4.66 ,190
445,1,1,5.16 ,186
446,1,2,6.08 ,167
447,1,2,1.35 ,182
448,1,0,6.15 ,184
449,0,1,5.79 ,186
450,1,2,1.01 ,167
451,1,1,3.80 ,171
452,1,2,4.49 ,190
453,0,2,0.85 ,165
454,1,2,5.09 ,163
455,2,0,4.10 ,173
456,1,0,3.55 ,171
457,1,1,0.38 ,175
458,0,1,3.84 ,179
459,2,1,8.93 ,187
460,1,1,6.99 ,166
461,1,0,5.41 ,187
462,1,0,6.75 ,186
463,1,1,7.65 ,179
464,1,2,0.40 ,160
465,0,1,1.92 ,163
466,1,2,0.91 ,187
467,2,1,2.33 ,164
468,1,0,3.82 ,162
469,1,0,7.55 ,177
470,1,0,8.73 ,162
471,1,0,5.09 ,166
472,1,2,8.41 ,165
473,1,0,9.93 ,189
474,0,2,7.20 ,163
475,2,2,8.71 ,183
476,1,1,1.02 ,175
477,1,1,6.13 ,169
478,2,1,0.09 ,186
479,1,1,5.07 ,170
480,1,2,9.86 ,169
481,1,0,7.45 ,161
482,1,0,6.48 ,172
483,1,1,5.93 ,162
484,2,2,2.44 ,188
485,1,2,3.13 ,167
486,1,0,0.39 ,190
487,1,0,6.50 ,168
488,1,2,0.79 ,177
489,2,2,6.76 ,166
490,1,1,1.15 ,161
491,1,1,4.28 ,186
492,1,0,7.24 ,176
493,0,1,8.12 ,161
494,1,2,2.40 ,189
495,1,1,1.81 ,178
496,1,2,2.72 ,190
497,1,2,3.10 ,190
498,1,0,7.93 ,171
499,1,2,4.01 ,187
500,2,1,9.20 ,163
501,1,0,4.00 ,164
502,1,0,1.52 ,184
503,1,2,9.15 ,183
504,1,0,1.02 ,177
505,1,1,3.38 ,167
506,1,2,5.31 ,169
507,0,2,4.41 ,185
508,1,1,6.15 ,168
509,1,0,0.21 ,180
510,1,0,2.05 ,160
511,1,0,4.64 ,190
512,2,2,7.50 ,163
513,2,2,3.68 ,178
514,1,0,0.65 ,175
515,1,0,8.01 ,167
516,1,0,0.88 ,174
517,2,0,9.09 ,186
518,1,1,7.08 ,166
519,1,2,2.97 ,170
520,1,2,8.75 ,189
521,2,2,7.78 ,188
522,0,1,5.31 ,178
523,0,0,7.81 ,190
524,1,2,3.53 ,177
525,1,2,5.10 ,182
526,1,2,0.22 ,165
527,2,1,2.17 ,181
528,2,1,5.82 ,182
529,1,2,8.11 ,163
530,1,1,5.91 ,161
531,0,0,7.04 ,181
532,1,1,3.82 ,190
533,1,1,1.22 ,165
534,1,2,3.81 ,165
535,2,1,8.45 ,163
536,1,0,3.07 ,173
537,2,2,1.15 ,172
538,2,2,0.63 ,185
539,2,0,8.81 ,163
540,1,2,6.23 ,182
541,1,1,4.14 ,171
542,0,1,2.73 ,176
543,1,2,4.23 ,174
544,1,2,1.74 ,170
545,2,1,9.73 ,184
546,1,0,7.83 ,175
547,1,2,5.57 ,187
548,2,2,1.44 ,185
549,1,2,2.35 ,182
550,1,1,6.50 ,170
551,1,2,6.34 ,179
552,2,0,4.82 ,160
553,2,0,4.83 ,174
554,1,1,4.20 ,160
555,1,0,6.64 ,171
556,1,1,5.10 ,178
557,1,1,7.32 ,180
558,2,1,0.91 ,179
559,1,0,7.46 ,163
560,0,2,3.51 ,177
561,1,1,2.62 ,186
562,1,2,7.92 ,179
563,1,1,6.25 ,171
564,2,1,2.75 ,189
565,0,1,3.49 ,177
566,1,0,0.29 ,164
567,1,1,7.42 ,166
568,2,0,2.18 ,189
569,0,0,6.98 ,174
570,1,0,1.37 ,173
571,1,0,3.35 ,168
572,1,2,3.22 ,167
573,1,2,8.00 ,175
574,0,2,5.80 ,177
575,1,0,8.56 ,167
576,1,2,9.97 ,176
577,2,1,8.57 ,160
578,1,2,4.13 ,181
579,1,2,4.55 ,187
580,1,1,6.98 ,187
581,1,0,6.79 ,187
582,1,2,7.66 ,188
583,1,1,3.70 ,179
584,0,1,5.13 ,181
585,1,0,5.78 ,183
586,1,0,1.59 ,176
587,1,0,8.07 ,182
588,1,2,6.82 ,183
589,1,1,5.68 ,175
590,1,2,8.81 ,188
591,1,0,7.11 ,170
592,1,2,0.17 ,175
593,1,1,3.34 ,171
594,1,2,3.35 ,161
595,1,1,7.00 ,175
596,0,0,4.97 ,175
597,0,0,0.62 ,162
598,1,1,4.74 ,165
599,1,2,6.12 ,183
600,1,1,2.43 ,170
601,1,0,6.10 ,185
602,1,0,8.38 ,174
603,2,2,5.31 ,162
604,0,1,5.91 ,185
605,0,0,7.33 ,186
606,1,1,0.46 ,189
607,1,2,9.99 ,188
608,2,0,0.08 ,189
609,1,1,9.79 ,177
610,1,0,2.87 ,174
611,1,1,9.75 ,190
612,1,2,5.91 ,174
613,0,0,4.35 ,179
614,1,2,9.27 ,188
615,1,1,4.95 ,180
616,1,2,2.62 ,173
617,1,0,6.45 ,183
618,1,2,2.41 ,182
619,0,1,9.67 ,160
620,0,1,8.37 ,188
621,1,2,1.29 ,169
622,1,0,6.10 ,185
623,0,0,2.94 ,181
624,1,2,6.85 ,181
625,1,0,4.80 ,166
626,1,0,7.28 ,173
627,0,0,4.63 ,184
628,2,1,5.09 ,185
629,1,1,8.50 ,161
630,1,2,0.87 ,161
631,1,1,9.50 ,187
632,1,2,1.12 ,185
633,1,1,8.02 ,167
634,1,2,3.04 ,166
635,1,1,8.92 ,165
636,0,2,3.71 ,168
637,1,0,2.82 ,184
638,1,1,5.63 ,177
639,1,2,5.16 ,177
640,1,2,5.62 ,164
641,1,1,2.38 ,188
642,1,1,1.59 ,169
643,1,0,2.93 ,189
644,1,1,5.08 ,160
645,1,0,8.82 ,182
646,1,2,3.29 ,181
647,1,2,7.25 ,168
648,2,1,5.75 ,177
649,0,1,8.96 ,183
650,1,1,7.68 ,175
651,1,2,8.31 ,173
652,1,2,5.38 ,183
653,1,1,9.49 ,167
654,1,2,3.04 ,179
655,1,2,2.36 ,174
656,1,0,1.89 ,176
657,1,1,0.40 ,167
658,2,1,7.35 ,164
659,1,2,3.80 ,170
660,2,1,3.42 ,187
661,1,0,2.80 ,180
662,1,2,0.52 ,189
663,1,0,8.19 ,185
664,1,2,9.01 ,163
665,1,0,2.69 ,172
666,1,1,2.66 ,160
667,1,0,9.98 ,183
668,0,0,8.78 ,167
669,0,1,9.11 ,180
670,1,0,6.17 ,164
671,1,0,2.47 ,182
672,1,1,0.90 ,178
673,1,2,2.10 ,168
674,1,0,5.64 ,171
675,1,1,3.53 ,190
676,1,0,7.96 ,167
677,1,1,9.10 ,176
678,0,0,6.83 ,175
679,1,2,7.86 ,179
680,1,2,7.04 ,182
681,0,2,0.81 ,171
682,2,2,7.89 ,178
683,1,0,3.10 ,174
684,1,0,8.28 ,184
685,1,2,4.37 ,163
686,1,0,4.06 ,189
687,1,2,6.13 ,190
688,1,1,4.03 ,178
689,1,2,7.85 ,171
690,1,2,6.75 ,190
691,0,2,9.34 ,183
692,1,2,7.67 ,163
693,1,2,1.86 ,163
694,1,0,9.48 ,184
695,1,1,9.71 ,188
696,2,0,0.34 ,183
697,1,0,3.51 ,175
698,1,0,5.31 ,187
699,1,2,7.70 ,161
700,1,2,2.51 ,168
701,1,2,5.24 ,182
702,0,0,2.78 ,169
703,1,2,8.52 ,164
704,1,2,5.65 ,189
705,1,1,0.26 ,176
706,0,0,5.96 ,189
707,2,2,6.08 ,186
708,2,1,4.49 ,161
709,2,0,3.91 ,165
710,1,2,6.51 ,172
711,1,0,2.72 ,180
712,1,2,1.12 ,167
713,2,0,4.40 ,167
714,1,0,9.39 ,161
715,1,2,1.62 ,166
716,1,0,4.96 ,176
717,1,0,1.22 ,163
718,1,2,7.74 ,167
719,1,1,7.14 ,184
720,0,0,4.45 ,183
721,1,0,9.79 ,187
722,2,1,7.96 ,184
723,1,1,0.63 ,177
724,1,2,5.49 ,167
725,1,2,3.90 ,175
726,1,2,0.28 ,181
727,0,0,3.16 ,163
728,1,0,4.16 ,162
729,1,0,9.74 ,182
730,1,1,2.28 ,171
731,1,2,9.73 ,171
732,0,0,3.29 ,184
733,1,2,6.59 ,168
734,1,0,9.76 ,167
735,1,2,0.26 ,188
736,1,2,8.29 ,182
737,2,1,0.89 ,181
738,2,0,3.62 ,171
739,0,1,2.22 ,172
740,1,0,7.56 ,181
741,2,2,9.12 ,170
742,1,2,7.00 ,173
743,1,0,3.31 ,171
744,1,1,9.00 ,190
745,1,2,5.66 ,189
746,1,0,5.30 ,181
747,0,1,7.38 ,174
748,1,2,9.89 ,178
749,0,2,9.64 ,185
750,1,2,0.46 ,183
751,2,1,4.67 ,172
752,2,1,9.97 ,162
753,1,1,8.83 ,161
754,2,2,4.72 ,178
755,1,1,3.77 ,187
756,1,2,3.22 ,167
757,1,1,6.91 ,172
758,1,1,3.05 ,164
759,0,0,9.54 ,164
760,1,1,4.20 ,183
761,1,2,2.57 ,184
762,0,1,0.45 ,176
763,1,0,6.38 ,182
764,1,0,5.41 ,168
765,1,2,0.03 ,172
766,1,0,5.03 ,160
767,1,2,5.68 ,180
768,2,0,4.95 ,167
769,0,2,5.88 ,177
770,1,2,9.48 ,181
771,1,2,8.37 ,174
772,2,0,0.96 ,161
773,0,1,5.82 ,177
774,1,2,3.93 ,170
775,1,2,8.35 ,168
776,1,2,9.05 ,179
777,1,2,8.83 ,184
778,1,1,7.77 ,182
779,0,1,0.37 ,171
780,0,2,8.50 ,183
781,0,0,0.81 ,160
782,1,2,5.15 ,173
783,1,0,9.69 ,171
784,1,0,8.71 ,189
785,1,2,1.31 ,178
786,1,1,9.96 ,162
787,1,2,8.17 ,177
788,2,2,6.28 ,178
789,2,2,7.43 ,166
790,1,1,3.89 ,164
791,1,1,8.89 ,187
792,1,1,9.93 ,176
793,1,1,8.41 ,176
794,1,0,5.17 ,170
795,1,0,0.53 ,189
796,1,2,1.70 ,165
797,1,1,7.84 ,188
798,1,2,7.82 ,186
799,1,1,1.59 ,184
800,0,2,6.19 ,189
801,1,0,7.53 ,185
802,2,0,0.10 ,178
803,1,1,1.52 ,170
804,1,2,1.54 ,185
805,1,0,7.51 ,189
806,1,1,6.63 ,181
807,1,0,3.80 ,170
808,1,2,6.45 ,186
809,0,0,3.93 ,167
810,1,0,5.33 ,172
811,2,2,6.89 ,174
812,1,2,7.75 ,178
813,1,1,9.67 ,182
814,2,1,3.81 ,160
815,1,1,1.64 ,176
816,1,0,6.48 ,178
817,1,1,9.82 ,172
818,1,2,9.39 ,167
819,0,0,4.31 ,171
820,1,1,6.23 ,169
821,2,0,7.46 ,178
822,1,0,9.12 ,166
823,2,0,2.26 ,179
824,1,1,8.05 ,163
825,1,0,9.71 ,165
826,1,2,7.30 ,161
827,1,0,1.81 ,180
828,1,0,9.22 ,175
829,2,2,1.26 ,170
830,0,0,9.52 ,188
831,1,1,2.35 ,176
832,1,1,7.94 ,176
833,1,2,7.62 ,171
834,2,0,5.69 ,171
835,1,1,0.31 ,168
836,1,1,6.42 ,171
837,2,2,6.32 ,160
838,1,1,4.52 ,176
839,1,1,9.56 ,186
840,1,0,1.17 ,165
841,1,0,9.09 ,175
842,1,0,8.79 ,169
843,0,0,1.59 ,190
844,1,2,0.27 ,166
845,1,1,5.22 ,176
846,1,1,6.17 ,169
847,1,2,3.20 ,181
848,1,1,5.65 ,175
849,1,2,3.53 ,175
850,2,2,9.24 ,166
851,1,2,8.52 ,178
852,1,1,1.38 ,167
853,1,1,1.88 ,188
854,1,1,2.09 ,178
855,1,1,8.92 ,185
856,1,0,2.32 ,167
857,1,0,6.91 ,173
858,1,2,6.20 ,172
859,1,2,2.10 ,167
860,1,2,3.27 ,166
861,2,0,8.92 ,161
862,1,2,0.12 ,189
863,1,0,3.30 ,180
864,1,0,1.62 ,174
865,1,0,6.69 ,162
866,1,0,6.27 ,182
867,1,1,1.62 ,187
868,1,1,7.47 ,181
869,1,0,1.69 ,182
870,1,2,4.82 ,182
871,1,1,3.86 ,169
872,1,2,7.21 ,187
873,1,1,9.15 ,180
874,1,1,0.13 ,190
875,1,0,5.08 ,174
876,1,1,0.88 ,163
877,1,1,9.55 ,188
878,1,0,2.58 ,161
879,1,1,2.54 ,178
880,1,1,0.43 ,162
881,1,2,7.55 ,186
882,1,2,4.41 ,180
883,1,1,9.37 ,184
884,1,0,5.95 ,170
885,1,2,0.79 ,173
886,0,1,9.07 ,177
887,2,1,2.30 ,166
888,1,1,3.90 ,183
889,2,2,3.48 ,183
890,1,2,0.42 ,181
891,0,1,3.41 ,172
892,1,1,1.59 ,168
893,2,2,5.24 ,170
894,1,2,8.36 ,184
895,1,0,6.97 ,161
896,1,1,7.22 ,188
897,0,2,0.56 ,169
898,1,2,9.85 ,179
899,2,1,3.39 ,180
900,0,0,5.94 ,184
901,1,1,9.73 ,173
902,0,2,9.97 ,164
903,1,0,6.43 ,175
904,1,2,7.92 ,187
905,1,2,8.71 ,177
906,1,2,0.46 ,167
907,1,0,2.05 ,183
908,1,1,4.90 ,180
909,0,2,6.24 ,167
910,1,0,5.32 ,169
911,0,0,5.35 ,188
912,1,1,5.74 ,177
913,2,0,7.14 ,185
914,1,2,4.37 ,161
915,1,0,8.70 ,161
916,1,0,4.47 ,180
917,1,0,4.23 ,163
918,2,2,7.26 ,180
919,1,2,4.25 ,160
920,0,2,6.00 ,169
921,1,2,2.35 ,163
922,0,1,9.75 ,168
923,1,1,5.82 ,179
924,1,1,5.60 ,187
925,1,0,2.23 ,170
926,1,2,6.32 ,186
927,1,1,3.29 ,182
928,1,1,9.63 ,186
929,0,1,3.93 ,166
930,1,2,3.81 ,164
931,1,0,3.40 ,180
932,1,1,4.01 ,162
933,1,0,4.12 ,163
934,1,0,6.50 ,177
935,1,2,0.45 ,171
936,1,0,3.63 ,173
937,2,1,1.89 ,168
938,1,0,4.00 ,174
939,0,0,7.55 ,165
940,1,1,9.09 ,177
941,1,0,0.93 ,167
942,1,0,2.09 ,187
943,1,2,5.79 ,186
944,1,2,1.58 ,186
945,1,2,5.91 ,181
946,1,1,5.81 ,184
947,1,2,5.89 ,174
948,1,0,0.74 ,178
949,1,2,2.38 ,189
950,1,0,1.68 ,186
951,1,1,9.91 ,161
952,1,2,6.46 ,163
953,1,1,6.69 ,170
954,2,1,5.56 ,160
955,0,2,3.48 ,186
956,1,0,9.96 ,174
957,1,1,0.10 ,183
958,2,2,9.00 ,190
959,1,2,3.83 ,190
960,1,0,8.07 ,161
961,1,2,3.98 ,165
962,1,2,5.93 ,176
963,1,0,9.68 ,179
964,0,0,3.34 ,179
965,0,0,2.30 ,182
966,1,0,4.92 ,171
967,1,1,0.17 ,161
968,1,0,4.34 ,166
969,1,0,6.85 ,168
970,0,2,7.09 ,176
971,1,2,9.51 ,162
972,0,1,9.50 ,180
973,2,2,4.97 ,190
974,1,1,4.66 ,166
975,1,0,6.27 ,189
976,2,2,0.69 ,183
977,1,0,0.93 ,171
978,1,0,7.12 ,169
979,1,0,0.10 ,170
980,1,2,0.40 ,169
981,1,0,4.24 ,170
982,0,0,8.75 ,167
983,1,1,6.01 ,166
984,2,1,7.69 ,174
985,1,2,8.34 ,173
986,0,2,7.01 ,183
987,0,2,1.13 ,170
988,1,2,8.59 ,175
989,2,1,1.71 ,189
990,2,0,0.05 ,177
991,1,0,2.34 ,189
992,1,0,8.12 ,163
993,1,1,4.11 ,177
994,1,0,7.31 ,177
995,1,0,7.47 ,163
996,1,1,7.34 ,188
997,1,1,8.44 ,180
998,1,0,3.40 ,173
999,1,2,1.64 ,182
1000,1,1,6.08 ,185
1001,1,0,0.84 ,190
1002,0,2,7.10 ,165
1003,1,2,2.60 ,185
1004,1,2,5.23 ,161
1005,2,0,9.60 ,186
1006,1,1,1.61 ,179
1007,1,0,5.66 ,184
1008,1,2,0.71 ,176
1009,1,0,7.02 ,160
1010,1,0,2.27 ,174
1011,1,1,6.36 ,169
1012,1,2,0.93 ,172
1013,1,0,1.87 ,164
1014,1,2,1.12 ,165
1015,1,1,3.54 ,181
1016,1,1,7.13 ,189
1017,1,0,4.22 ,190
1018,1,0,2.32 ,180
1019,1,0,3.54 ,184
1020,0,0,8.24 ,182
1021,2,1,1.55 ,176
1022,1,0,8.20 ,181
1023,1,0,7.15 ,178
1024,1,2,0.80 ,164
1025,1,0,9.50 ,183
1026,2,0,5.85 ,186
1027,1,1,3.51 ,161
1028,1,2,5.63 ,162
1029,1,1,5.81 ,171
1030,1,2,0.46 ,187
1031,1,2,3.86 ,178
1032,1,1,0.80 ,170
1033,1,0,9.18 ,188
1034,1,1,0.46 ,172
1035,0,0,2.05 ,164
1036,1,0,9.92 ,167
1037,1,2,6.79 ,187
1038,2,0,1.30 ,163
1039,0,2,0.27 ,190
1040,1,1,6.84 ,163
1041,1,0,1.13 ,189
1042,1,1,8.42 ,166
1043,1,2,8.26 ,182
1044,1,1,6.94 ,188
1045,1,1,6.86 ,187
1046,1,0,0.61 ,183
1047,1,2,5.57 ,161
1048,1,2,4.84 ,171
1049,1,0,2.14 ,181
1050,1,2,1.22 ,181
1051,1,0,9.49 ,189
1052,1,2,9.15 ,160
1053,1,0,2.48 ,181
1054,1,1,5.13 ,182
1055,1,1,7.87 ,170
1056,1,0,5.71 ,189
1057,1,0,4.01 ,179
1058,1,1,8.50 ,162
1059,1,1,4.92 ,169
1060,1,1,0.71 ,166
1061,1,0,8.70 ,182
1062,1,1,2.70 ,184
1063,1,1,5.75 ,170
1064,1,2,8.71 ,176
1065,0,1,4.15 ,166
1066,0,0,8.57 ,176
1067,1,2,8.08 ,176
1068,1,1,8.93 ,178
1069,1,2,4.13 ,171
1070,0,2,4.95 ,190
1071,0,2,0.90 ,181
1072,2,0,0.24 ,184
1073,1,1,0.81 ,171
1074,0,1,0.06 ,183
1075,1,2,3.17 ,172
1076,1,2,4.42 ,187
1077,0,1,2.39 ,167
1078,1,1,3.94 ,182
1079,1,2,0.43 ,179
1080,0,2,3.70 ,178
1081,1,2,8.89 ,175
1082,1,1,4.04 ,170
1083,1,2,8.09 ,162
1084,1,0,7.68 ,180
1085,1,2,2.43 ,175
1086,1,1,4.27 ,187
1087,2,2,3.52 ,162
1088,1,1,1.00 ,171
1089,1,2,1.62 ,178
1090,2,1,6.55 ,170
1091,1,1,9.66 ,180
1092,1,1,4.74 ,179
1093,2,1,6.30 ,181
1094,1,0,2.81 ,185
1095,1,0,2.19 ,185
1096,0,1,5.78 ,173
1097,1,2,3.99 ,187
1098,0,1,5.52 ,185
1099,1,0,3.10 ,169
1100,1,0,6.36 ,181
1101,1,0,9.05 ,187
1102,1,1,6.67 ,178
1103,1,1,4.76 ,167
1104,1,2,3.82 ,172
1105,1,1,8.34 ,176
1106,1,0,3.12 ,171
1107,1,0,2.20 ,163
1108,0,1,0.79 ,168
1109,1,0,2.77 ,163
1110,1,2,2.23 ,163
1111,1,0,8.16 ,179
1112,1,1,1.78 ,176
1113,1,1,0.21 ,184
1114,1,2,1.80 ,187
1115,0,1,1.32 ,190
1116,1,0,8.76 ,187
1117,2,2,0.57 ,168
1118,2,2,9.42 ,174
1119,2,1,8.15 ,175
1120,1,0,2.11 ,188
1121,1,2,5.22 ,178
1122,1,1,7.71 ,173
1123,1,1,0.37 ,174
1124,1,2,3.44 ,180
1125,1,2,3.61 ,165
1126,1,1,1.51 ,186
1127,1,0,6.71 ,184
1128,1,0,1.04 ,189
1129,1,1,0.34 ,179
1130,2,0,5.28 ,171
1131,1,0,7.83 ,175
1132,2,2,6.39 ,186
1133,1,0,4.94 ,162
1134,0,2,9.01 ,169
1135,1,0,7.46 ,177
1136,1,1,5.09 ,175
1137,0,1,8.15 ,163
1138,0,1,9.53 ,189
1139,0,1,5.23 ,165
1140,1,1,8.01 ,170
1141,2,1,2.08 ,177
1142,1,0,2.16 ,167
1143,2,1,4.04 ,182
1144,2,2,5.36 ,189
1145,2,0,3.84 ,165
1146,1,2,6.74 ,177
1147,2,2,2.66 ,178
1148,0,0,4.34 ,166
1149,1,1,8.47 ,167
1150,1,2,3.87 ,188
1151,1,1,6.81 ,184
1152,2,1,4.38 ,190
1153,1,0,2.36 ,179
1154,1,2,9.41 ,190
1155,1,2,2.29 ,189
1156,1,1,2.53 ,165
1157,1,0,5.17 ,183
1158,1,2,1.27 ,186
1159,1,0,9.87 ,173
1160,1,1,9.51 ,175
1161,1,2,2.22 ,180
1162,1,2,8.93 ,171
1163,1,2,2.46 ,186
1164,1,0,2.81 ,182
1165,1,2,1.38 ,164
1166,2,1,7.37 ,179
1167,1,1,9.65 ,166
1168,1,1,3.43 ,182
1169,1,0,0.73 ,178
1170,1,2,9.15 ,165
1171,2,2,2.08 ,171
1172,1,0,6.22 ,172
1173,1,1,8.77 ,187
1174,2,1,3.93 ,186
1175,1,1,7.37 ,189
1176,1,0,1.78 ,167
1177,1,1,1.74 ,160
1178,0,2,5.36 ,165
1179,1,1,9.65 ,179
1180,2,1,7.71 ,164
1181,1,1,4.46 ,187
1182,1,0,3.90 ,177
1183,1,2,8.88 ,180
1184,1,0,4.54 ,186
1185,1,0,0.01 ,164
1186,1,1,8.57 ,164
1187,0,1,9.83 ,182
1188,1,1,4.04 ,160
1189,1,0,4.68 ,175
1190,1,2,8.61 ,171
1191,1,0,3.13 ,169
1192,1,0,7.11 ,163
1193,1,0,8.16 ,177
1194,1,1,0.88 ,169
1195,0,1,7.39 ,179
1196,1,0,9.18 ,164
1197,2,2,7.66 ,160
1198,1,2,8.68 ,180
1199,1,1,9.45 ,182
1200,1,0,0.72 ,167
1201,1,0,5.48 ,188
1202,1,0,5.98 ,181
1203,1,2,6.26 ,190
1204,1,2,8.12 ,183
1205,0,1,1.72 ,189
1206,1,1,0.90 ,160
1207,1,2,5.61 ,168
1208,0,1,1.07 ,164
1209,2,0,7.68 ,160
1210,2,0,3.15 ,169
1211,1,1,4.34 ,186
1212,1,1,6.08 ,163
1213,1,1,1.54 ,177
1214,1,0,1.06 ,160
1215,1,1,5.89 ,165
1216,1,2,1.25 ,189
1217,1,1,0.35 ,190
1218,1,2,0.77 ,161
1219,1,2,0.35 ,177
1220,2,1,7.17 ,174
1221,1,0,9.79 ,187
1222,1,2,1.34 ,189
1223,0,0,8.62 ,183
1224,1,2,8.58 ,187
1225,1,1,4.20 ,162
1226,1,0,1.11 ,160
1227,2,1,2.51 ,163
1228,1,2,9.93 ,189
1229,0,0,1.83 ,161
1230,1,1,4.70 ,189
1231,0,2,1.81 ,171
1232,0,1,2.81 ,177
1233,1,2,3.44 ,166
1234,1,1,8.75 ,163
1235,1,1,0.26 ,160
1236,1,0,1.92 ,176
1237,1,0,5.80 ,166
1238,1,1,3.85 ,167
1239,1,2,4.79 ,176
1240,2,2,9.41 ,170
1241,1,0,5.85 ,179
1242,1,2,2.47 ,178
1243,1,1,9.95 ,183
1244,1,0,6.05 ,182
1245,1,0,5.10 ,171
1246,1,2,2.85 ,172
1247,1,0,4.68 ,169
1248,1,1,7.97 ,183
1249,2,1,0.69 ,169
1250,1,1,9.48 ,160
1251,1,2,7.26 ,167
1252,1,0,4.32 ,178
1253,1,0,2.98 ,173
1254,1,1,2.49 ,190
1255,1,2,8.50 ,190
1256,1,0,4.67 ,180
1257,1,1,3.71 ,163
1258,1,1,4.15 ,179
1259,1,1,2.20 ,173
1260,1,0,4.98 ,184
1261,1,2,1.70 ,162
1262,2,1,8.89 ,164
1263,0,2,5.39 ,170
1264,1,0,4.13 ,188
1265,1,2,3.62 ,174
1266,1,2,9.42 ,187
1267,1,2,2.45 ,171
1268,1,1,9.36 ,181
1269,1,1,6.13 ,170
1270,1,0,9.60 ,178
1271,1,0,2.52 ,165
1272,1,2,9.59 ,168
1273,1,1,8.23 ,170
1274,0,0,8.42 ,176
1275,2,2,0.74 ,172
1276,1,2,9.50 ,181
1277,1,0,9.45 ,176
1278,1,2,0.41 ,183
1279,1,0,8.17 ,182
1280,1,0,4.28 ,180
1281,1,2,2.14 ,186
1282,1,0,0.92 ,164
1283,1,2,1.57 ,175
1284,1,2,6.46 ,190
1285,1,1,0.25 ,167
1286,1,0,7.97 ,176
1287,1,0,8.42 ,180
1288,2,0,3.95 ,189
1289,1,0,6.15 ,189
1290,1,0,4.27 ,187
1291,1,1,4.61 ,161
1292,2,0,7.51 ,188
1293,0,1,3.35 ,177
1294,1,0,5.42 ,163
1295,1,1,8.85 ,168
1296,1,2,8.38 ,184
1297,0,1,4.18 ,171
1298,1,0,2.54 ,168
1299,1,1,8.72 ,177
1300,1,1,6.37 ,165
1301,1,1,8.44 ,184
1302,1,2,9.71 ,186
1303,1,0,6.73 ,176
1304,1,1,6.93 ,178
1305,1,0,9.70 ,177
1306,1,0,9.35 ,185
1307,1,2,0.43 ,183
1308,1,2,4.35 ,161
1309,1,1,8.85 ,185
1310,1,1,1.67 ,182
1311,1,1,1.64 ,188
1312,1,2,9.26 ,173
1313,0,0,9.92 ,171
1314,1,1,1.23 ,168
1315,1,2,3.38 ,161
1316,1,0,8.50 ,175
1317,1,0,6.62 ,172
1318,1,2,3.98 ,186
1319,1,0,8.37 ,189
1320,1,2,9.68 ,170
1321,1,0,8.88 ,186
1322,1,2,7.36 ,182
1323,1,0,1.83 ,184
1324,1,1,4.66 ,166
1325,1,1,5.45 ,177
1326,1,2,3.23 ,164
1327,1,0,0.62 ,173
1328,1,0,6.62 ,169
1329,1,2,0.62 ,174
1330,1,2,0.64 ,183
1331,1,2,6.85 ,187
1332,1,2,6.18 ,166
1333,1,1,1.03 ,163
1334,1,2,0.04 ,175
1335,1,0,5.56 ,165
1336,1,1,9.85 ,184
1337,1,1,8.17 ,178
1338,1,1,8.65 ,167
1339,1,2,5.85 ,166
1340,1,1,2.37 ,174
1341,1,1,7.79 ,166
1342,1,2,6.70 ,169
1343,1,2,8.57 ,179
1344,1,1,1.59 ,170
1345,1,2,2.50 ,174
1346,2,0,8.15 ,167
1347,0,0,9.30 ,185
1348,1,1,6.71 ,164
1349,2,2,4.53 ,181
1350,1,2,6.58 ,182
1351,1,2,5.94 ,166
1352,2,2,3.02 ,178
1353,1,1,3.07 ,182
1354,1,2,2.43 ,171
1355,1,2,0.02 ,175
1356,1,1,7.14 ,172
1357,1,2,0.71 ,164
1358,2,0,0.18 ,174
1359,1,1,1.25 ,186
1360,1,2,2.63 ,183
1361,1,0,9.69 ,167
1362,2,1,9.97 ,167
1363,1,1,9.48 ,171
1364,1,0,0.12 ,170
1365,1,0,7.83 ,169
1366,1,0,4.00 ,172
1367,1,2,2.94 ,187
1368,1,2,6.84 ,167
1369,1,1,3.91 ,176
1370,1,2,0.10 ,173
1371,1,2,8.82 ,169
1372,2,1,4.26 ,169
1373,1,0,1.16 ,184
1374,1,0,7.97 ,184
1375,0,1,2.68 ,161
1376,1,1,0.98 ,164
1377,2,1,3.02 ,167
1378,1,1,3.25 ,182
1379,0,1,4.65 ,173
1380,1,2,6.44 ,173
1381,1,2,1.84 ,166
1382,1,1,9.25 ,180
1383,1,2,4.75 ,183
1384,1,2,4.27 ,169
1385,1,1,1.01 ,186
1386,1,0,1.71 ,160
1387,1,1,7.03 ,161
1388,1,0,3.33 ,165
1389,1,0,1.50 ,170
1390,1,2,7.67 ,168
1391,1,1,4.63 ,185
1392,0,0,6.02 ,178
1393,1,0,5.97 ,189
1394,1,2,4.09 ,189
1395,1,1,4.05 ,187
1396,1,1,5.95 ,176
1397,0,1,2.60 ,166
1398,1,1,7.89 ,179
1399,1,1,5.49 ,184
1400,1,1,2.04 ,187
1401,1,1,6.58 ,187
1402,0,1,3.03 ,179
1403,1,1,8.11 ,188
1404,1,0,5.89 ,167
1405,1,0,1.77 ,165
1406,1,1,3.39 ,189
1407,1,0,2.59 ,189
1408,1,1,8.10 ,178
1409,1,2,5.13 ,181
1410,1,1,1.11 ,175
1411,1,0,5.40 ,162
1412,1,2,8.71 ,174
1413,2,2,0.10 ,185
1414,1,1,2.78 ,175
1415,1,0,1.62 ,189
1416,1,2,0.98 ,162
1417,1,2,2.40 ,169
1418,0,2,8.22 ,169
1419,2,0,9.49 ,188
1420,1,1,4.79 ,174
1421,1,0,7.77 ,160
1422,1,2,8.08 ,182
1423,1,2,1.93 ,187
1424,1,0,6.44 ,160
1425,1,0,5.51 ,174
1426,2,2,9.35 ,165
1427,1,2,9.37 ,169
1428,1,2,7.76 ,181
1429,1,0,9.85 ,164
1430,1,0,1.81 ,177
1431,1,0,6.28 ,174
1432,1,2,5.13 ,186
1433,2,2,9.21 ,180
1434,1,2,2.38 ,189
1435,1,1,1.06 ,162
1436,1,1,6.29 ,181
1437,1,1,4.71 ,162
1438,1,0,1.51 ,164
1439,1,2,2.77 ,164
1440,1,2,6.82 ,189
1441,1,1,3.26 ,179
1442,1,2,2.33 ,168
1443,0,0,8.65 ,163
1444,1,2,5.24 ,187
1445,1,2,3.23 ,190
1446,1,0,6.20 ,164
1447,1,1,8.07 ,170
1448,1,1,6.10 ,189
1449,2,0,4.44 ,186
1450,1,0,8.97 ,160
1451,1,0,0.09 ,181
1452,1,1,7.63 ,181
1453,2,2,2.86 ,174
1454,2,0,5.28 ,185
1455,1,2,4.39 ,164
1456,1,0,2.37 ,180
1457,1,2,6.71 ,171
1458,2,2,9.17 ,185
1459,1,0,2.23 ,175
1460,0,0,0.59 ,163
1461,1,1,5.29 ,179
1462,1,2,8.48 ,161
1463,1,2,5.15 ,163
1464,1,2,8.30 ,160
1465,1,1,4.19 ,182
1466,2,0,3.16 ,185
1467,1,2,4.41 ,177
1468,0,2,6.95 ,160
1469,2,1,6.97 ,189
1470,1,1,8.84 ,178
1471,1,0,7.57 ,170
1472,0,2,2.69 ,174
1473,1,0,0.09 ,189
1474,1,2,2.76 ,178
1475,1,2,6.62 ,162
1476,1,0,1.27 ,185
1477,1,1,4.35 ,170
1478,1,1,7.66 ,167
1479,0,1,7.12 ,176
1480,0,2,7.92 ,169
1481,1,1,9.40 ,178
1482,1,1,7.85 ,181
1483,1,2,9.50 ,189
1484,1,1,8.21 ,188
1485,0,2,5.37 ,160
1486,1,1,5.78 ,175
1487,1,0,9.72 ,179
1488,1,0,1.70 ,187
1489,1,2,4.46 ,170
1490,1,0,7.21 ,165
1491,1,1,4.89 ,177
1492,1,2,6.10 ,183
1493,1,0,1.49 ,181
1494,1,1,4.66 ,188
1495,1,1,9.06 ,175
1496,1,0,8.40 ,165
1497,1,1,7.92 ,164
1498,1,0,2.62 ,171
1499,1,2,3.67 ,189
1500,1,0,8.73 ,190
1501,1,2,0.42 ,171
1502,1,0,4.88 ,179
1503,1,0,1.14 ,166
1504,1,2,4.04 ,170
1505,1,1,0.26 ,185
1506,1,1,6.17 ,180
1507,1,2,3.55 ,163
1508,1,1,4.06 ,170
1509,1,0,7.52 ,161
1510,1,2,9.73 ,164
1511,1,0,9.33 ,163
1512,1,2,5.23 ,179
1513,1,0,2.75 ,183
1514,1,1,4.83 ,180
1515,1,2,7.08 ,173
1516,2,2,9.57 ,173
1517,2,1,4.73 ,187
1518,1,0,5.42 ,182
1519,1,1,5.39 ,184
1520,1,2,0.25 ,163
1521,1,1,2.32 ,184
1522,1,1,2.43 ,173
1523,2,0,0.93 ,188
1524,1,0,1.70 ,164
1525,1,2,1.86 ,168
1526,1,1,0.50 ,181
1527,1,0,1.71 ,190
1528,2,2,4.97 ,179
1529,1,0,9.90 ,165
1530,1,0,5.13 ,175
1531,1,0,3.02 ,166
1532,1,1,4.14 ,175
1533,1,2,9.91 ,162
1534,1,0,2.20 ,174
1535,1,0,2.61 ,176
1536,0,0,3.57 ,187
1537,1,1,6.84 ,174
1538,1,0,9.90 ,169
1539,2,1,3.31 ,173
1540,1,2,0.46 ,190
1541,0,1,2.19 ,163
1542,2,2,2.67 ,176
1543,1,1,9.09 ,160
1544,1,1,5.99 ,164
1545,1,0,1.26 ,182
1546,2,2,1.21 ,169
1547,1,1,1.44 ,162
1548,1,2,9.52 ,168
1549,1,2,6.12 ,178
1550,1,2,2.66 ,172
1551,0,1,4.49 ,171
1552,0,2,6.73 ,162
1553,1,2,9.77 ,187
1554,2,2,2.38 ,185
1555,1,0,5.58 ,171
1556,1,2,2.86 ,165
1557,1,1,0.30 ,182
1558,1,2,6.52 ,179
1559,1,2,7.52 ,174
1560,1,1,9.02 ,185
1561,2,1,3.06 ,180
1562,0,0,2.71 ,165
1563,1,1,3.75 ,185
1564,1,1,4.76 ,163
1565,1,2,2.29 ,163
1566,1,0,2.15 ,160
1567,1,2,5.35 ,182
1568,1,2,7.26 ,173
1569,1,2,4.85 ,165
1570,1,0,2.13 ,179
1571,1,2,0.41 ,183
1572,2,0,9.10 ,183
1573,1,2,7.44 ,172
1574,1,2,3.09 ,168
1575,2,1,2.65 ,187
1576,0,1,5.44 ,166
1577,1,1,8.64 ,188
1578,1,2,7.66 ,165
1579,1,1,1.77 ,165
1580,1,0,1.89 ,183
1581,1,0,4.56 ,163
1582,1,1,2.47 ,163
1583,1,1,1.16 ,169
1584,1,2,0.54 ,184
1585,1,2,0.45 ,162
1586,1,1,6.66 ,162
1587,1,1,5.82 ,168
1588,1,1,0.22 ,170
1589,1,0,7.40 ,181
1590,1,2,4.14 ,189
1591,1,1,1.57 ,185
1592,1,2,9.42 ,163
1593,1,1,3.92 ,186
1594,1,2,3.89 ,180
1595,0,1,7.51 ,173
1596,0,1,6.46 ,168
1597,1,2,7.02 ,186
1598,1,0,8.54 ,167
1599,1,2,4.40 ,173
1600,1,1,5.85 ,174
1601,1,2,9.64 ,160
1602,1,1,1.76 ,178
1603,1,0,9.62 ,167
1604,1,1,0.91 ,176
1605,1,1,9.47 ,178
1606,1,0,5.70 ,182
1607,1,2,9.89 ,181
1608,1,1,7.95 ,189
1609,1,2,6.69 ,167
1610,1,0,7.59 ,186
1611,1,0,1.81 ,188
1612,0,2,3.17 ,160
1613,0,2,5.44 ,175
1614,1,2,5.30 ,166
1615,1,1,1.42 ,178
1616,1,0,1.14 ,168
1617,2,0,3.17 ,173
1618,0,1,6.75 ,169
1619,1,0,9.34 ,175
1620,1,0,7.00 ,179
1621,0,2,3.78 ,174
1622,1,1,7.67 ,163
1623,1,0,2.95 ,163
1624,1,0,9.64 ,175
1625,1,0,3.99 ,176
1626,1,2,3.20 ,165
1627,1,1,8.84 ,183
1628,1,1,1.18 ,173
1629,1,1,7.36 ,165
1630,1,1,4.91 ,160
1631,1,2,0.49 ,169
1632,1,1,0.17 ,173
1633,1,0,6.62 ,179
1634,2,1,6.84 ,189
1635,1,1,2.65 ,183
1636,1,1,6.27 ,184
1637,1,2,3.39 ,167
1638,1,2,8.53 ,186
1639,0,1,8.08 ,176
1640,1,0,6.07 ,161
1641,1,1,4.82 ,175
1642,1,1,6.16 ,189
1643,1,1,5.13 ,176
1644,1,0,6.54 ,179
1645,1,0,4.60 ,172
1646,1,2,2.39 ,176
1647,0,1,3.45 ,177
1648,1,0,1.09 ,181
1649,1,0,4.55 ,178
1650,0,2,8.85 ,185
1651,0,1,8.48 ,164
1652,1,0,6.55 ,161
1653,1,2,6.20 ,183
1654,1,1,6.55 ,181
1655,1,1,8.18 ,172
1656,2,1,6.27 ,182
1657,1,0,7.81 ,190
1658,1,1,1.49 ,175
1659,1,1,6.64 ,165
1660,1,0,6.97 ,160
1661,1,1,0.69 ,183
1662,1,0,6.70 ,189
1663,1,2,2.30 ,169
1664,1,0,4.72 ,176
1665,1,0,8.21 ,187
1666,1,1,5.66 ,184
1667,1,2,4.07 ,172
1668,1,1,0.43 ,189
1669,1,1,9.06 ,167
1670,2,1,8.68 ,190
1671,1,1,4.10 ,162
1672,0,2,1.60 ,167
1673,1,2,2.06 ,167
1674,1,0,0.50 ,169
1675,2,2,5.64 ,183
1676,1,1,3.84 ,186
1677,0,0,8.73 ,184
1678,1,0,4.08 ,171
1679,1,1,6.07 ,166
1680,0,1,9.72 ,161
1681,1,0,5.60 ,179
1682,1,0,7.11 ,162
1683,2,1,6.19 ,169
1684,1,0,6.89 ,166
1685,1,0,1.25 ,166
1686,1,1,9.84 ,179
1687,1,1,1.70 ,181
1688,1,2,5.64 ,181
1689,1,0,8.74 ,172
1690,1,2,3.07 ,176
1691,1,1,2.14 ,190
1692,2,0,8.15 ,164
1693,0,0,8.02 ,166
1694,1,0,3.33 ,185
1695,1,2,0.37 ,189
1696,1,1,9.30 ,167
1697,0,0,1.01 ,167
1698,1,2,3.12 ,160
1699,1,2,0.11 ,182
1700,1,1,1.84 ,188
1701,1,0,9.81 ,184
1702,1,2,5.95 ,177
1703,1,2,4.11 ,180
1704,1,0,9.79 ,168
1705,1,1,2.01 ,175
1706,1,2,4.26 ,176
1707,1,0,0.39 ,183
1708,1,0,8.01 ,183
1709,1,1,8.64 ,189
1710,1,2,3.36 ,162
1711,2,2,4.54 ,163
1712,1,1,1.45 ,175
1713,0,2,7.47 ,182
1714,1,2,2.47 ,178
1715,1,1,4.64 ,177
1716,1,1,3.94 ,175
1717,1,2,5.47 ,167
1718,1,2,6.60 ,168
1719,1,1,0.46 ,178
1720,2,2,2.88 ,190
1721,1,0,5.59 ,177
1722,1,0,2.88 ,188
1723,1,2,4.29 ,178
1724,1,2,5.63 ,188
1725,1,2,7.62 ,187
1726,2,2,1.57 ,169
1727,0,0,7.17 ,168
1728,1,2,4.40 ,180
1729,0,1,2.18 ,172
1730,1,1,3.81 ,181
1731,0,0,7.69 ,160
1732,2,1,5.76 ,180
1733,2,2,7.22 ,179
1734,1,0,9.33 ,169
1735,0,1,1.10 ,171
1736,1,0,1.87 ,172
1737,1,2,6.49 ,166
1738,2,1,9.92 ,167
1739,2,2,7.40 ,180
1740,1,2,9.11 ,179
1741,1,1,9.72 ,185
1742,1,0,1.10 ,175
1743,1,1,6.15 ,164
1744,1,2,6.97 ,166
1745,1,0,2.82 ,163
1746,0,1,7.82 ,170
1747,1,1,8.59 ,185
1748,1,0,5.13 ,190
1749,0,2,5.90 ,179
1750,1,0,7.16 ,180
1751,1,0,5.87 ,177
1752,1,1,3.75 ,182
1753,2,2,6.28 ,177
1754,1,2,0.87 ,162
1755,1,0,0.15 ,174
1756,1,2,8.42 ,173
1757,1,1,9.53 ,179
1758,1,1,7.45 ,176
1759,1,0,0.75 ,172
1760,1,0,7.84 ,181
1761,1,2,7.98 ,185
1762,1,2,4.85 ,166
1763,1,0,3.89 ,173
1764,1,0,7.75 ,173
1765,1,0,3.43 ,166
1766,1,1,2.73 ,174
1767,1,1,3.42 ,185
1768,1,0,5.39 ,187
1769,1,0,9.11 ,166
1770,1,1,4.78 ,179
1771,1,1,4.72 ,180
1772,1,0,5.62 ,175
1773,2,0,6.98 ,167
1774,1,1,0.31 ,165
1775,1,0,2.26 ,175
1776,1,2,8.98 ,179
1777,1,2,8.31 ,171
1778,0,2,8.42 ,177
1779,1,2,5.65 ,186
1780,1,1,9.23 ,160
1781,1,1,8.36 ,166
1782,2,0,9.05 ,170
1783,1,1,0.96 ,162
1784,1,0,4.97 ,163
1785,1,0,6.70 ,188
1786,2,0,3.46 ,167
1787,0,2,7.76 ,182
1788,1,0,2.93 ,164
1789,1,2,0.44 ,189
1790,2,0,9.41 ,172
1791,1,1,5.21 ,180
1792,1,0,8.43 ,188
1793,1,0,2.91 ,176
1794,0,1,4.09 ,163
1795,1,1,0.45 ,184
1796,1,0,7.51 ,181
1797,1,1,9.97 ,161
1798,1,0,8.28 ,179
1799,2,0,3.06 ,190
1800,1,0,9.66 ,161
1801,1,1,3.14 ,184
1802,1,0,1.07 ,171
1803,1,1,4.95 ,167
1804,1,2,5.17 ,163
1805,1,2,2.81 ,167
1806,0,2,4.78 ,172
1807,1,1,4.01 ,190
1808,1,0,2.89 ,167
1809,2,1,2.67 ,181
1810,1,2,3.06 ,163
1811,1,1,1.81 ,175
1812,2,0,7.31 ,187
1813,2,1,9.22 ,183
1814,1,2,6.22 ,173
1815,1,1,0.88 ,170
1816,2,1,6.60 ,160
1817,1,2,4.75 ,188
1818,1,2,8.22 ,169
1819,1,0,3.53 ,160
1820,1,1,0.80 ,173
1821,1,2,4.79 ,166
1822,1,1,1.27 ,188
1823,1,0,7.17 ,161
1824,1,2,9.29 ,178
1825,1,0,7.27 ,169
1826,1,1,3.21 ,160
1827,2,0,9.06 ,171
1828,1,2,2.96 ,166
1829,1,2,9.40 ,185
1830,1,0,4.43 ,183
1831,1,0,9.53 ,175
1832,1,0,6.71 ,169
1833,1,0,3.48 ,188
1834,1,1,0.07 ,175
1835,1,2,9.25 ,190
1836,0,2,1.31 ,161
1837,1,2,7.30 ,189
1838,1,1,7.34 ,173
1839,0,1,0.24 ,179
1840,1,0,9.07 ,171
1841,1,2,5.61 ,189
1842,2,0,4.47 ,180
1843,1,2,4.05 ,173
1844,1,1,3.94 ,162
1845,1,0,0.68 ,184
1846,1,1,3.05 ,165
1847,1,1,2.67 ,161
1848,2,0,2.10 ,189
1849,1,0,6.51 ,164
1850,0,2,4.25 ,187
1851,1,2,6.78 ,175
1852,2,1,5.53 ,170
1853,1,0,1.08 ,181
1854,2,1,9.91 ,182
1855,1,2,4.05 ,172
1856,1,1,4.63 ,162
1857,1,2,5.28 ,185
1858,1,1,0.74 ,165
1859,2,0,8.38 ,186
1860,1,2,0.18 ,163
1861,1,2,4.66 ,177
1862,1,0,7.65 ,183
1863,1,0,8.60 ,179
1864,1,0,1.15 ,169
1865,1,0,1.82 ,175
1866,1,0,6.61 ,172
1867,1,1,8.75 ,175
1868,1,0,1.10 ,173
1869,1,2,9.76 ,178
1870,1,1,8.09 ,162
1871,1,1,1.52 ,162
1872,2,2,3.27 ,182
1873,1,1,5.99 ,173
1874,1,2,5.40 ,164
1875,1,2,6.42 ,189
1876,1,2,6.27 ,174
1877,1,0,9.10 ,183
1878,1,0,6.84 ,164
1879,2,0,5.50 ,168
1880,1,1,5.13 ,172
1881,2,2,5.68 ,189
1882,1,2,2.20 ,179
1883,1,1,1.86 ,162
1884,1,2,0.55 ,165
1885,1,2,4.93 ,176
1886,1,0,6.61 ,167
1887,1,2,4.29 ,189
1888,1,2,6.01 ,165
1889,0,1,2.13 ,179
1890,0,2,2.52 ,163
1891,1,1,4.89 ,186
1892,1,1,0.44 ,160
1893,1,0,5.20 ,190
1894,1,1,6.73 ,162
1895,1,1,2.82 ,179
1896,1,0,2.14 ,183
1897,1,1,2.30 ,167
1898,0,2,4.87 ,187
1899,1,1,4.39 ,176
1900,1,2,3.30 ,183
1901,0,2,4.01 ,177
1902,1,2,7.80 ,177
1903,1,0,9.77 ,184
1904,0,1,5.01 ,171
1905,1,0,0.86 ,163
1906,1,0,2.84 ,186
1907,1,0,5.57 ,187
1908,1,0,0.70 ,169
1909,1,2,4.68 ,172
1910,1,1,6.20 ,190
1911,1,0,9.91 ,171
1912,2,0,6.20 ,184
1913,1,2,0.18 ,178
1914,1,2,9.70 ,190
1915,1,2,5.76 ,187
1916,1,0,8.50 ,160
1917,1,0,6.68 ,164
1918,1,1,6.61 ,188
1919,2,1,9.66 ,172
1920,1,2,7.82 ,169
1921,1,0,9.68 ,177
1922,1,2,2.00 ,183
1923,1,0,1.10 ,176
1924,0,2,7.49 ,170
1925,2,2,3.38 ,172
1926,1,1,0.24 ,171
1927,1,1,8.71 ,176
1928,2,2,7.25 ,165
1929,1,2,1.88 ,179
1930,1,0,5.17 ,180
1931,1,0,3.32 ,182
1932,1,1,7.79 ,160
1933,1,0,5.78 ,169
1934,1,1,5.29 ,184
1935,1,1,7.68 ,188
1936,1,2,0.79 ,181
1937,2,1,4.38 ,168
1938,1,2,4.62 ,180
1939,1,0,7.00 ,171
1940,1,0,2.41 ,170
1941,1,2,3.31 ,186
1942,1,2,0.24 ,170
1943,1,2,8.15 ,181
1944,1,1,8.40 ,167
1945,1,1,2.35 ,170
1946,1,0,0.02 ,178
1947,1,2,1.07 ,190
1948,1,0,0.99 ,179
1949,1,1,9.84 ,184
1950,1,2,6.27 ,173
1951,1,2,6.98 ,167
1952,1,2,5.27 ,173
1953,1,0,3.22 ,163
1954,1,1,3.61 ,172
1955,1,0,6.80 ,184
1956,1,0,8.32 ,166
1957,1,2,1.15 ,165
1958,0,1,8.49 ,160
1959,1,0,5.72 ,175
1960,1,0,2.87 ,178
1961,1,1,6.99 ,173
1962,1,1,8.20 ,181
1963,1,1,0.40 ,180
1964,1,2,7.53 ,183
1965,1,1,1.73 ,173
1966,0,1,5.66 ,188
1967,1,2,4.00 ,175
1968,2,0,5.93 ,163
1969,1,0,1.86 ,170
1970,1,2,2.74 ,176
1971,1,0,4.05 ,190
1972,0,0,8.73 ,171
1973,1,1,0.41 ,178
1974,1,2,6.28 ,187
1975,1,0,4.42 ,178
1976,0,0,5.88 ,170
1977,1,2,4.66 ,174
1978,1,1,1.75 ,177
1979,2,1,4.93 ,180
1980,2,2,8.78 ,171
1981,1,1,0.42 ,184
1982,2,1,9.57 ,173
1983,1,0,8.68 ,171
1984,1,1,1.49 ,171
1985,1,2,6.37 ,186
1986,1,0,8.87 ,172
1987,1,1,3.58 ,167
1988,1,2,9.79 ,163
1989,1,0,7.74 ,160
1990,1,0,6.45 ,189
1991,1,0,9.66 ,170
1992,1,0,8.86 ,186
1993,1,1,4.07 ,161
1994,1,0,9.36 ,163
1995,1,2,7.09 ,167
1996,2,0,0.78 ,176
1997,1,1,2.51 ,182
1998,1,1,8.68 ,169
1999,2,0,6.98 ,160
2000,2,0,7.79 ,172
2001,1,1,1.22 ,163
2002,1,2,7.57 ,189
2003,0,2,3.44 ,160
2004,2,0,2.95 ,189
2005,2,2,1.39 ,186
2006,1,1,2.58 ,171
2007,1,0,6.08 ,190
2008,2,1,2.72 ,190
2009,1,0,2.58 ,170
2010,0,2,3.81 ,163
2011,1,1,3.89 ,175
2012,1,0,7.46 ,160
2013,0,0,1.57 ,189
2014,1,1,8.23 ,160
2015,1,2,3.81 ,175
2016,2,2,3.64 ,190
2017,1,2,0.09 ,160
2018,2,1,6.21 ,162
2019,0,0,2.67 ,183
2020,1,0,3.04 ,179
2021,1,0,0.13 ,172
2022,0,0,1.78 ,169
2023,1,2,9.11 ,174
2024,2,0,2.56 ,161
2025,1,0,3.81 ,189
2026,1,1,0.02 ,185
2027,1,2,0.25 ,168
2028,1,2,3.57 ,162
2029,1,0,3.46 ,175
2030,1,1,9.37 ,171
2031,1,0,0.82 ,184
2032,1,1,8.93 ,186
2033,1,1,8.13 ,169
2034,1,1,4.69 ,162
2035,1,0,5.86 ,167
2036,1,0,3.90 ,172
2037,2,0,9.36 ,180
2038,1,1,7.32 ,170
2039,1,2,1.20 ,180
2040,1,0,8.66 ,171
2041,1,0,4.65 ,170
2042,1,1,8.90 ,173
2043,1,0,6.69 ,190
2044,1,1,0.03 ,164
2045,1,1,6.20 ,188
2046,1,2,7.17 ,180
2047,1,1,1.77 ,160
2048,1,0,9.95 ,183
2049,1,0,3.30 ,163
2050,1,1,7.63 ,169
2051,1,0,3.77 ,173
2052,1,0,1.36 ,163
2053,1,1,5.65 ,185
2054,0,1,7.10 ,186
2055,1,2,6.22 ,183
2056,2,2,0.90 ,174
2057,2,2,5.58 ,188
2058,2,1,1.53 ,166
2059,0,1,9.17 ,170
2060,1,0,1.84 ,161
2061,0,0,1.59 ,184
2062,1,2,0.99 ,168
2063,1,0,4.04 ,187
2064,1,0,4.54 ,179
2065,1,0,4.85 ,184
2066,1,2,9.03 ,170
2067,1,2,6.94 ,172
2068,1,1,1.07 ,167
2069,1,2,7.81 ,189
2070,1,0,1.82 ,161
2071,1,0,6.44 ,178
2072,1,1,7.81 ,185
2073,1,0,6.56 ,174
2074,1,0,9.06 ,177
2075,2,0,1.90 ,166
2076,1,0,8.95 ,185
2077,1,1,6.10 ,164
2078,1,2,5.60 ,184
2079,2,2,8.22 ,189
2080,1,2,2.52 ,164
2081,1,0,0.29 ,166
2082,1,2,0.50 ,185
2083,1,1,9.02 ,171
2084,1,2,1.60 ,175
2085,1,1,1.84 ,175
2086,1,1,0.45 ,173
2087,0,2,4.22 ,164
2088,1,2,8.55 ,166
2089,2,2,1.86 ,180
2090,1,0,6.71 ,164
2091,1,1,8.68 ,162
2092,1,0,6.87 ,186
2093,1,0,5.52 ,175
2094,2,0,2.64 ,175
2095,1,1,4.33 ,170
2096,1,1,5.22 ,162
2097,2,2,8.73 ,182
2098,1,0,5.81 ,165
2099,1,1,1.75 ,185
2100,1,0,1.81 ,188
2101,1,0,4.67 ,183
2102,2,1,0.30 ,169
2103,1,0,2.71 ,162
2104,1,0,3.48 ,188
2105,1,1,3.39 ,171
2106,2,1,1.23 ,161
2107,1,1,2.90 ,182
2108,1,0,3.23 ,171
2109,1,1,5.84 ,177
2110,1,1,8.51 ,165
2111,1,0,7.20 ,184
2112,1,2,0.13 ,173
2113,1,1,7.13 ,188
2114,1,0,7.59 ,164
2115,1,1,1.24 ,168
2116,1,2,7.41 ,168
2117,1,1,0.03 ,168
2118,1,2,4.41 ,181
2119,1,0,8.62 ,180
2120,1,2,7.69 ,171
2121,1,1,9.53 ,185
2122,2,1,1.36 ,168
2123,2,0,8.40 ,186
2124,2,0,7.86 ,178
2125,1,2,6.40 ,172
2126,1,2,8.72 ,186
2127,1,0,0.05 ,163
2128,1,0,9.61 ,164
2129,1,0,8.32 ,173
2130,2,0,7.88 ,164
2131,1,1,7.52 ,173
2132,2,2,1.62 ,177
2133,2,0,7.34 ,179
2134,1,2,0.83 ,167
2135,1,2,3.29 ,160
2136,1,1,3.29 ,175
2137,1,2,1.80 ,175
2138,1,2,2.79 ,167
2139,1,0,4.62 ,167
2140,1,0,3.46 ,184
2141,0,1,5.69 ,167
2142,1,2,8.09 ,183
2143,1,0,4.90 ,181
2144,1,1,6.86 ,177
2145,2,0,1.15 ,163
2146,1,0,7.01 ,173
2147,1,1,7.43 ,173
2148,1,1,3.90 ,185
2149,1,1,9.99 ,170
2150,1,0,5.99 ,188
2151,2,0,2.93 ,179
2152,0,0,9.38 ,177
2153,1,1,4.37 ,164
2154,1,1,1.48 ,184
2155,1,0,0.26 ,185
2156,2,2,8.09 ,181
2157,2,0,1.29 ,179
2158,1,0,0.73 ,185
2159,0,2,6.21 ,180
2160,2,1,6.60 ,186
2161,1,0,7.10 ,182
2162,1,1,7.85 ,160
2163,2,0,8.87 ,161
2164,2,2,4.12 ,186
2165,1,2,1.31 ,181
2166,1,2,2.65 ,160
2167,0,1,6.28 ,182
2168,1,1,7.73 ,170
2169,1,1,6.72 ,160
2170,1,0,5.70 ,185
2171,1,2,5.49 ,166
2172,1,2,7.47 ,171
2173,0,2,2.49 ,174
2174,1,1,6.93 ,160
2175,1,1,0.56 ,168
2176,2,2,5.62 ,161
2177,1,0,8.47 ,167
2178,1,2,2.91 ,165
2179,0,2,7.22 ,175
2180,1,1,3.92 ,165
2181,0,1,7.83 ,167
2182,1,2,3.82 ,160
2183,1,2,7.76 ,162
2184,1,0,6.93 ,178
2185,1,0,4.17 ,187
2186,0,0,1.24 ,174
2187,1,2,5.07 ,173
2188,1,0,5.38 ,160
2189,2,0,8.70 ,182
2190,2,1,7.22 ,181
2191,1,0,9.97 ,184
2192,1,1,9.65 ,171
2193,2,1,3.62 ,189
2194,1,0,8.77 ,189
2195,1,2,1.60 ,180
2196,1,1,2.07 ,184
2197,0,1,0.84 ,167
2198,1,2,3.95 ,168
2199,1,0,3.36 ,160
2200,1,2,6.91 ,166
2201,1,2,3.31 ,178
2202,1,2,0.22 ,165
2203,1,0,0.76 ,182
2204,1,0,0.79 ,181
2205,1,1,0.59 ,175
2206,0,1,0.14 ,181
2207,1,0,0.22 ,188
2208,2,0,0.22 ,162
2209,1,0,7.63 ,182
2210,1,2,2.29 ,162
2211,1,2,0.87 ,175
2212,1,1,5.66 ,168
2213,1,2,3.47 ,178
2214,0,1,8.62 ,189
2215,1,0,1.32 ,171
2216,1,1,5.77 ,162
2217,1,0,3.83 ,174
2218,1,0,2.01 ,186
2219,0,0,5.45 ,188
2220,1,2,2.24 ,177
2221,1,1,1.33 ,190
2222,1,1,6.80 ,167
2223,1,1,0.62 ,172
2224,1,2,4.14 ,185
2225,2,0,4.62 ,179
2226,1,2,5.45 ,160
2227,1,0,6.66 ,185
2228,1,1,2.05 ,186
2229,1,1,6.07 ,188
2230,1,2,8.06 ,183
2231,1,1,8.07 ,176
2232,1,1,4.00 ,176
2233,1,2,8.46 ,190
2234,1,2,2.75 ,167
2235,1,0,5.30 ,172
2236,1,1,2.54 ,165
2237,1,1,3.43 ,184
2238,1,1,8.38 ,170
2239,1,2,8.73 ,180
2240,1,2,3.60 ,172
2241,1,1,8.15 ,184
2242,2,0,8.24 ,167
2243,0,0,5.36 ,189
2244,1,1,4.95 ,180
2245,2,0,9.42 ,172
2246,1,2,0.84 ,170
2247,0,0,9.54 ,183
2248,1,1,2.33 ,182
2249,1,1,7.92 ,160
2250,1,0,2.85 ,179
2251,1,2,8.60 ,160
2252,1,2,7.32 ,178
2253,1,1,7.71 ,179
2254,1,2,5.24 ,182
2255,1,2,3.77 ,185
2256,0,0,1.39 ,187
2257,1,2,1.59 ,169
2258,1,1,0.98 ,172
2259,1,2,5.94 ,186
2260,1,2,6.75 ,163
2261,2,2,5.80 ,169
2262,1,1,0.21 ,165
2263,1,0,3.77 ,178
2264,1,0,8.81 ,169
2265,1,0,1.60 ,180
2266,1,1,6.07 ,163
2267,1,1,9.09 ,166
2268,1,1,1.80 ,182
2269,1,0,5.32 ,169
2270,1,2,2.14 ,169
2271,0,0,8.57 ,189
2272,1,0,4.47 ,190
2273,2,0,3.39 ,189
2274,1,0,6.92 ,167
2275,0,0,1.00 ,172
2276,2,1,9.98 ,161
2277,1,1,3.20 ,160
2278,1,1,4.46 ,190
2279,1,0,2.69 ,164
2280,1,0,1.31 ,161
2281,1,1,3.56 ,168
2282,0,1,3.24 ,167
2283,0,2,2.52 ,181
2284,0,1,8.58 ,172
2285,1,2,7.51 ,188
2286,1,1,0.42 ,172
2287,1,0,9.64 ,175
2288,0,1,9.42 ,190
2289,1,0,9.09 ,181
2290,1,0,7.31 ,182
2291,1,2,9.28 ,165
2292,1,1,1.33 ,184
2293,1,1,1.57 ,185
2294,1,1,9.71 ,174
2295,1,0,1.71 ,172
2296,1,0,8.45 ,182
2297,1,0,7.95 ,171
2298,1,2,6.84 ,161
2299,1,1,9.43 ,179
2300,1,2,7.99 ,172
2301,1,2,5.70 ,179
2302,1,1,6.29 ,184
2303,1,2,3.26 ,177
2304,1,1,5.16 ,186
2305,2,0,0.30 ,185
2306,0,0,0.97 ,181
2307,1,2,7.86 ,170
2308,1,0,8.49 ,184
2309,1,2,7.15 ,179
2310,1,2,9.37 ,182
2311,1,1,0.47 ,166
2312,0,0,6.75 ,187
2313,1,0,8.47 ,179
2314,1,0,8.24 ,161
2315,1,0,7.01 ,187
2316,1,0,1.45 ,179
2317,1,0,7.52 ,160
2318,1,2,2.66 ,189
2319,1,0,2.34 ,169
2320,1,0,3.50 ,170
2321,1,0,1.01 ,186
2322,1,0,8.51 ,183
2323,1,1,5.60 ,171
2324,1,0,1.98 ,189
2325,1,2,2.23 ,174
2326,1,0,4.92 ,163
2327,1,2,3.70 ,189
2328,2,1,7.35 ,189
2329,2,0,0.79 ,186
2330,1,1,5.13 ,174
2331,1,0,0.63 ,189
2332,1,0,7.83 ,169
2333,1,2,8.06 ,179
2334,2,2,1.02 ,180
2335,1,2,3.02 ,169
2336,1,0,7.40 ,173
2337,1,0,7.79 ,181
2338,1,1,7.49 ,175
2339,1,1,8.18 ,183
2340,1,2,9.45 ,184
2341,1,0,8.76 ,160
2342,1,2,1.06 ,180
2343,1,1,8.24 ,175
2344,1,2,8.28 ,162
2345,1,1,2.09 ,163
2346,1,0,0.24 ,183
2347,0,1,6.61 ,181
2348,1,0,9.33 ,188
2349,2,1,2.38 ,181
2350,1,0,4.98 ,180
2351,1,1,3.98 ,170
2352,1,1,5.97 ,185
2353,0,2,4.37 ,181
2354,1,2,5.25 ,189
2355,1,0,1.24 ,190
2356,1,0,5.65 ,168
2357,1,1,4.13 ,184
2358,1,0,0.44 ,162
2359,1,1,7.22 ,177
2360,1,0,7.84 ,190
2361,1,2,3.75 ,185
2362,1,0,3.33 ,183
2363,1,0,3.58 ,188
2364,1,0,5.57 ,176
2365,1,1,2.04 ,161
2366,1,2,2.85 ,166
2367,2,0,5.86 ,166
2368,1,0,6.60 ,173
2369,1,2,9.69 ,184
2370,1,0,7.02 ,164
2371,0,2,8.94 ,181
2372,1,0,0.63 ,165
2373,1,0,5.15 ,173
2374,1,1,5.39 ,184
2375,2,0,5.94 ,171
2376,1,1,8.76 ,182
2377,1,1,4.33 ,177
2378,1,1,9.08 ,190
2379,0,2,4.49 ,161
2380,1,1,6.85 ,176
2381,1,2,0.99 ,164
2382,0,1,5.00 ,179
2383,1,0,0.09 ,176
2384,2,1,1.50 ,179
2385,1,1,7.53 ,189
2386,0,1,9.68 ,180
2387,1,2,1.18 ,160
2388,1,2,4.71 ,189
2389,1,0,7.24 ,178
2390,1,2,6.52 ,179
2391,2,0,6.81 ,162
2392,1,1,3.58 ,190
2393,1,0,2.76 ,188
2394,1,2,7.75 ,167
2395,2,0,9.62 ,161
2396,1,1,5.69 ,176
2397,0,1,8.50 ,167
2398,0,1,8.75 ,167
2399,2,2,2.15 ,171
2400,1,1,6.67 ,169
2401,2,0,7.13 ,190
2402,1,0,0.70 ,180
2403,1,2,5.96 ,190
2404,1,1,2.47 ,179
2405,1,0,3.05 ,180
2406,0,1,1.94 ,184
2407,1,2,6.87 ,172
2408,1,0,3.01 ,169
2409,0,2,3.07 ,160
2410,1,2,5.55 ,168
2411,1,1,8.07 ,181
2412,1,1,0.14 ,161
2413,1,1,7.85 ,162
2414,1,1,8.41 ,173
2415,1,2,9.03 ,179
2416,0,2,2.55 ,181
2417,1,1,4.48 ,168
2418,1,2,0.32 ,187
2419,1,1,4.80 ,160
2420,1,1,8.34 ,164
2421,1,2,2.75 ,173
2422,1,2,6.16 ,189
2423,1,0,0.91 ,171
2424,1,0,3.85 ,187
2425,2,1,0.55 ,160
2426,1,1,3.22 ,169
2427,1,2,2.62 ,162
2428,0,2,2.25 ,182
2429,1,2,5.93 ,180
2430,1,1,2.43 ,185
2431,1,2,8.88 ,160
2432,1,2,4.35 ,168
2433,0,1,5.23 ,181
2434,1,0,3.75 ,171
2435,2,0,7.33 ,163
2436,1,2,2.16 ,168
2437,1,1,9.70 ,172
2438,2,1,4.93 ,176
2439,2,2,5.42 ,178
2440,1,1,6.27 ,177
2441,1,1,6.27 ,182
2442,1,0,3.93 ,165
2443,1,2,1.25 ,186
2444,1,0,4.91 ,190
2445,1,1,8.15 ,187
2446,0,2,8.56 ,175
2447,1,0,6.95 ,182
2448,1,0,1.39 ,184
2449,1,2,5.10 ,179
2450,1,0,8.32 ,174
2451,1,1,9.02 ,185
2452,1,0,2.73 ,183
2453,2,2,5.06 ,179
2454,1,0,5.79 ,171
2455,1,1,0.33 ,168
2456,1,0,2.39 ,175
2457,1,2,1.39 ,162
2458,1,1,8.35 ,180
2459,1,2,0.82 ,185
2460,1,2,1.43 ,170
2461,2,0,6.20 ,167
2462,2,1,9.59 ,162
2463,1,0,8.07 ,188
2464,1,2,6.82 ,179
2465,2,0,1.89 ,161
2466,1,2,1.71 ,172
2467,1,0,9.70 ,184
2468,2,0,0.84 ,172
2469,1,1,9.77 ,190
2470,1,1,3.86 ,172
2471,2,0,2.62 ,170
2472,1,2,1.19 ,161
2473,1,1,8.47 ,184
2474,1,2,6.37 ,188
2475,1,2,7.67 ,176
2476,1,2,3.56 ,184
2477,2,1,7.48 ,165
2478,1,2,6.40 ,181
2479,1,2,3.40 ,167
2480,1,1,2.40 ,161
2481,2,0,9.06 ,182
2482,1,1,5.63 ,182
2483,1,1,3.14 ,169
2484,1,1,9.36 ,161
2485,1,0,7.79 ,163
2486,1,2,1.91 ,180
2487,2,1,4.47 ,163
2488,1,1,5.31 ,165
2489,0,2,1.41 ,183
2490,1,2,1.57 ,181
2491,1,0,5.18 ,170
2492,1,2,7.97 ,174
2493,1,0,6.71 ,176
2494,1,2,3.29 ,160
2495,1,1,0.79 ,173
2496,1,2,0.29 ,183
2497,1,1,1.56 ,162
2498,0,0,4.97 ,188
2499,1,0,9.09 ,167
2500,1,2,1.52 ,182
2501,1,1,8.60 ,190
2502,1,0,6.21 ,186
2503,1,1,2.16 ,186
2504,1,2,9.13 ,172
2505,1,0,8.02 ,173
2506,1,2,5.63 ,164
2507,1,2,4.05 ,172
2508,1,1,4.20 ,174
2509,1,1,3.83 ,171
2510,1,0,2.06 ,185
2511,1,2,8.12 ,173
2512,1,0,8.98 ,179
2513,0,1,5.08 ,173
2514,1,0,2.28 ,182
2515,1,2,1.20 ,162
2516,1,1,3.45 ,169
2517,1,0,0.27 ,167
2518,1,1,4.09 ,160
2519,0,1,7.91 ,170
2520,1,2,0.51 ,178
2521,1,0,2.14 ,175
2522,1,1,6.91 ,183
2523,1,1,6.01 ,160
2524,1,1,8.54 ,186
2525,1,2,3.78 ,163
2526,1,2,1.64 ,180
2527,1,1,0.60 ,184
2528,1,0,9.57 ,166
2529,1,2,2.74 ,174
2530,0,2,9.02 ,169
2531,1,2,9.11 ,160
2532,0,2,6.14 ,180
2533,1,1,8.97 ,161
2534,0,1,0.81 ,161
2535,1,2,3.55 ,181
2536,1,1,5.95 ,174
2537,2,1,5.30 ,179
2538,0,2,8.29 ,184
2539,0,1,0.71 ,190
2540,1,2,6.07 ,170
2541,1,2,5.47 ,174
2542,1,1,9.36 ,172
2543,1,0,6.72 ,181
2544,0,2,5.20 ,184
2545,0,1,4.33 ,181
2546,2,1,6.16 ,183
2547,0,1,8.56 ,176
2548,1,1,2.10 ,185
2549,1,2,9.99 ,162
2550,1,2,4.58 ,184
2551,1,2,0.30 ,165
2552,1,0,7.67 ,162
2553,1,0,4.36 ,181
2554,2,1,4.39 ,184
2555,1,1,5.22 ,182
2556,1,2,0.03 ,179
2557,1,0,2.42 ,172
2558,2,2,2.61 ,163
2559,0,2,6.07 ,181
2560,1,0,0.59 ,177
2561,1,0,1.54 ,163
2562,1,0,1.24 ,183
2563,0,0,2.13 ,190
2564,1,1,6.05 ,179
2565,1,0,8.70 ,185
2566,1,0,9.82 ,172
2567,1,1,6.23 ,187
2568,0,2,6.28 ,173
2569,2,0,6.36 ,165
2570,1,1,5.04 ,174
2571,1,2,5.77 ,181
2572,1,2,1.82 ,160
2573,0,0,6.63 ,183
2574,1,1,4.74 ,160
2575,1,2,9.53 ,173
2576,1,0,9.29 ,188
2577,1,2,1.90 ,162
2578,1,0,9.24 ,186
2579,2,1,9.44 ,168
2580,1,1,3.62 ,175
2581,1,1,8.13 ,187
2582,1,2,6.01 ,186
2583,0,2,2.93 ,162
2584,1,0,3.57 ,173
2585,1,1,9.21 ,175
2586,1,1,5.52 ,190
2587,1,2,8.20 ,166
2588,1,2,7.03 ,186
2589,1,1,0.31 ,175
2590,1,1,8.46 ,185
2591,1,2,7.70 ,165
2592,1,1,6.25 ,165
2593,1,0,4.30 ,171
2594,1,1,0.82 ,177
2595,1,1,2.83 ,184
2596,1,1,9.59 ,190
2597,1,0,7.39 ,190
2598,2,0,4.70 ,186
2599,1,2,2.59 ,163
2600,1,0,2.37 ,170
2601,1,0,0.58 ,170
2602,2,2,8.89 ,161
2603,1,0,0.92 ,162
2604,0,0,3.89 ,160
2605,1,0,1.07 ,169
2606,2,2,9.14 ,170
2607,0,0,2.02 ,161
2608,1,1,7.20 ,176
2609,1,0,6.20 ,176
2610,0,0,7.92 ,180
2611,1,2,5.48 ,188
2612,1,2,5.50 ,187
2613,1,0,5.78 ,187
2614,2,0,8.52 ,188
2615,1,1,9.15 ,178
2616,0,0,7.69 ,190
2617,1,0,5.72 ,174
2618,0,0,1.18 ,180
2619,1,2,3.15 ,187
2620,2,1,5.81 ,186
2621,1,1,7.55 ,171
2622,0,2,8.99 ,188
2623,1,0,0.09 ,175
2624,2,2,2.53 ,178
2625,1,0,8.03 ,183
2626,2,1,6.08 ,161
2627,1,2,8.74 ,171
2628,1,2,7.57 ,189
2629,1,0,3.82 ,181
2630,1,0,4.21 ,171
2631,1,2,5.93 ,169
2632,2,1,8.24 ,178
2633,1,0,8.41 ,190
2634,1,1,0.60 ,160
2635,1,2,6.38 ,178
2636,1,0,9.48 ,190
2637,1,1,0.78 ,184
2638,1,1,5.55 ,180
2639,1,2,1.73 ,168
2640,1,1,6.64 ,187
2641,1,0,9.05 ,175
2642,2,0,7.19 ,160
2643,1,2,7.12 ,161
2644,1,1,6.20 ,185
2645,1,2,3.41 ,179
2646,1,1,4.96 ,174
2647,1,0,0.44 ,177
2648,0,1,6.50 ,179
2649,1,1,6.85 ,174
2650,1,0,9.63 ,172
2651,1,1,2.93 ,182
2652,2,1,8.53 ,160
2653,0,0,7.60 ,189
2654,1,0,1.91 ,163
2655,2,1,6.84 ,174
2656,1,0,4.35 ,169
2657,1,0,2.49 ,190
2658,1,1,8.74 ,168
2659,2,0,7.12 ,167
2660,1,0,2.93 ,170
2661,1,0,1.37 ,179
2662,0,0,0.90 ,168
2663,1,1,7.85 ,171
2664,1,2,9.76 ,170
2665,2,1,9.92 ,160
2666,2,0,7.54 ,183
2667,2,0,7.44 ,178
2668,1,0,4.69 ,165
2669,1,1,8.41 ,161
2670,1,2,9.72 ,181
2671,0,1,1.01 ,184
2672,0,2,7.11 ,188
2673,1,2,2.50 ,190
2674,1,2,9.47 ,166
2675,1,1,9.85 ,174
2676,2,0,4.26 ,184
2677,1,2,9.56 ,170
2678,1,1,1.36 ,166
2679,1,0,3.71 ,186
2680,1,0,4.89 ,165
2681,2,1,1.33 ,181
2682,1,0,9.05 ,163
2683,2,2,1.86 ,190
2684,1,1,0.36 ,178
2685,1,2,8.60 ,170
2686,1,1,7.28 ,175
2687,0,0,2.20 ,183
2688,1,1,6.80 ,171
2689,1,0,3.81 ,170
2690,2,2,1.23 ,162
2691,1,2,0.59 ,189
2692,1,1,4.60 ,176
2693,1,2,5.55 ,183
2694,1,1,8.61 ,173
2695,1,0,0.07 ,184
2696,1,1,5.43 ,187
2697,1,2,4.65 ,169
2698,1,2,9.09 ,177
2699,1,0,2.09 ,172
2700,2,2,8.57 ,165
2701,1,0,7.11 ,163
2702,1,0,1.30 ,160
2703,0,0,5.19 ,186
2704,1,0,5.03 ,167
2705,2,0,7.05 ,176
2706,1,0,0.54 ,175
2707,1,1,1.35 ,182
2708,1,2,5.64 ,189
2709,1,0,1.93 ,168
2710,1,1,1.99 ,185
2711,1,1,4.56 ,161
2712,1,0,1.29 ,175
2713,1,1,4.75 ,184
2714,1,1,8.54 ,167
2715,0,2,1.20 ,166
2716,0,1,1.92 ,181
2717,1,2,0.94 ,179
2718,2,0,7.74 ,160
2719,1,1,4.57 ,161
2720,1,0,0.98 ,168
2721,1,0,1.61 ,184
2722,1,2,6.60 ,184
2723,1,1,4.95 ,179
2724,1,0,2.32 ,178
2725,1,1,7.95 ,186
2726,1,1,8.11 ,166
2727,1,2,6.33 ,166
2728,1,0,2.50 ,162
2729,1,1,7.05 ,161
2730,1,2,1.30 ,164
2731,1,0,6.26 ,160
2732,1,2,3.00 ,171
2733,1,2,9.79 ,186
2734,1,0,2.00 ,180
2735,1,1,3.37 ,185
2736,2,2,0.02 ,187
2737,1,2,3.06 ,164
2738,1,2,4.01 ,160
2739,0,2,0.89 ,180
2740,1,1,9.83 ,163
2741,1,2,2.29 ,164
2742,1,1,4.34 ,184
2743,1,1,1.82 ,187
2744,2,2,0.79 ,190
2745,1,2,5.42 ,178
2746,1,0,1.49 ,172
2747,1,1,4.73 ,179
2748,1,1,4.46 ,176
2749,1,0,2.61 ,187
2750,1,1,7.25 ,190
2751,1,0,7.67 ,189
2752,1,2,1.67 ,184
2753,1,0,3.15 ,188
2754,0,2,7.91 ,160
2755,2,0,2.31 ,167
2756,1,1,5.47 ,164
2757,2,1,5.07 ,163
2758,1,1,6.46 ,172
2759,1,2,6.71 ,169
2760,1,0,2.73 ,189
2761,1,1,6.42 ,161
2762,1,1,9.89 ,170
2763,1,2,6.61 ,165
2764,1,2,7.32 ,179
2765,0,2,2.42 ,186
2766,1,1,2.94 ,172
2767,1,1,0.61 ,169
2768,0,0,5.62 ,174
2769,1,1,6.75 ,163
2770,1,2,7.65 ,181
2771,1,2,3.27 ,165
2772,1,1,8.69 ,176
2773,1,0,1.73 ,173
2774,1,0,1.52 ,176
2775,1,2,3.08 ,171
2776,1,1,1.44 ,180
2777,1,2,1.79 ,160
2778,1,1,3.51 ,177
2779,1,1,8.01 ,187
2780,2,1,7.46 ,167
2781,2,2,8.36 ,164
2782,1,0,0.92 ,171
2783,1,0,1.10 ,170
2784,1,2,9.45 ,174
2785,1,2,1.34 ,160
2786,1,0,3.55 ,162
2787,1,2,2.37 ,175
2788,1,1,7.02 ,171
2789,1,1,1.27 ,176
2790,1,1,6.23 ,161
2791,1,0,6.97 ,170
2792,1,1,0.96 ,164
2793,0,0,1.46 ,160
2794,1,2,6.96 ,163
2795,1,1,4.43 ,176
2796,1,0,6.39 ,175
2797,1,1,9.04 ,181
2798,1,0,4.52 ,162
2799,1,2,7.80 ,165
2800,1,2,8.17 ,161
2801,1,0,6.82 ,187
2802,1,2,5.73 ,165
2803,2,2,1.56 ,161
2804,2,1,5.17 ,160
2805,1,2,2.89 ,174
2806,2,1,1.92 ,180
2807,1,1,0.19 ,161
2808,1,0,5.27 ,181
2809,1,1,2.51 ,165
2810,1,0,7.40 ,180
2811,1,0,0.45 ,180
2812,1,1,9.24 ,169
2813,1,1,6.15 ,166
2814,1,0,5.68 ,169
2815,1,2,2.70 ,171
2816,1,1,3.23 ,166
2817,1,1,3.78 ,181
2818,1,2,2.10 ,160
2819,1,2,7.17 ,160
2820,1,1,1.18 ,171
2821,1,2,9.52 ,177
2822,1,2,5.79 ,179
2823,1,2,8.98 ,185
2824,0,1,2.29 ,163
2825,0,2,3.62 ,172
2826,1,2,9.01 ,172
2827,1,2,6.46 ,163
2828,0,2,5.56 ,160
2829,1,1,0.70 ,172
2830,1,1,2.79 ,177
2831,1,2,8.82 ,184
2832,2,0,3.83 ,190
2833,2,2,7.34 ,165
2834,1,1,7.05 ,170
2835,1,2,4.34 ,189
2836,2,1,9.74 ,172
2837,1,0,8.01 ,186
2838,1,2,5.26 ,177
2839,1,1,1.67 ,179
2840,2,2,8.79 ,160
2841,1,1,4.42 ,175
2842,1,2,2.40 ,166
2843,1,0,3.58 ,165
2844,1,2,3.10 ,181
2845,1,1,7.80 ,187
2846,2,0,8.30 ,177
2847,1,1,5.91 ,171
2848,1,0,7.88 ,187
2849,1,0,2.18 ,162
2850,1,1,4.72 ,186
2851,1,1,6.23 ,165
2852,0,0,0.36 ,163
2853,1,0,1.61 ,166
2854,1,0,9.54 ,185
2855,1,0,3.43 ,184
2856,1,0,3.18 ,169
2857,1,0,7.05 ,183
2858,1,2,9.19 ,161
2859,1,1,9.02 ,185
2860,1,2,6.24 ,189
2861,1,1,1.91 ,188
2862,1,1,1.47 ,174
2863,1,2,8.21 ,185
2864,1,1,5.20 ,160
2865,1,0,9.06 ,168
2866,1,0,6.50 ,173
2867,2,1,8.67 ,169
2868,1,0,1.80 ,183
2869,1,0,7.15 ,173
2870,1,2,4.53 ,173
2871,0,0,0.85 ,188
2872,1,0,2.67 ,183
2873,1,1,5.87 ,173
2874,1,0,0.19 ,174
2875,0,1,1.89 ,187
2876,1,1,3.66 ,161
2877,0,0,9.23 ,161
2878,0,2,6.15 ,166
2879,0,0,8.17 ,173
2880,2,0,7.20 ,180
2881,1,0,8.21 ,176
2882,1,0,4.28 ,186
2883,1,0,3.18 ,172
2884,0,1,1.17 ,181
2885,1,1,4.41 ,176
2886,1,1,6.60 ,186
2887,0,1,8.56 ,189
2888,1,2,3.80 ,172
2889,1,2,9.68 ,175
2890,2,1,0.17 ,180
2891,1,1,6.06 ,172
2892,1,2,4.98 ,182
2893,2,0,8.06 ,186
2894,1,1,1.95 ,174
2895,1,1,3.73 ,186
2896,0,0,0.50 ,175
2897,1,1,0.54 ,182
2898,0,0,4.08 ,187
2899,2,0,8.73 ,161
2900,2,0,6.00 ,160
2901,1,0,1.85 ,173
2902,1,1,3.03 ,169
2903,1,2,8.41 ,185
2904,1,0,2.96 ,176
2905,1,1,7.41 ,160
2906,1,2,5.49 ,162
2907,1,1,5.26 ,188
2908,1,1,2.68 ,184
2909,1,1,8.83 ,161
2910,1,0,3.45 ,185
2911,1,2,2.83 ,181
2912,1,1,3.22 ,174
2913,1,1,0.83 ,176
2914,1,2,9.98 ,172
2915,1,1,3.03 ,164
2916,1,0,6.90 ,177
2917,1,2,8.89 ,175
2918,0,0,6.58 ,164
2919,2,2,9.01 ,161
2920,0,0,0.53 ,161
2921,1,1,4.38 ,174
2922,1,1,3.05 ,164
2923,1,0,8.77 ,190
2924,1,0,0.27 ,160
2925,2,2,7.93 ,188
2926,1,0,9.54 ,179
2927,2,0,7.06 ,169
2928,1,1,8.83 ,179
2929,1,2,9.90 ,171
2930,1,1,5.25 ,178
2931,1,0,0.23 ,179
2932,1,2,3.15 ,179
2933,1,2,9.08 ,181
2934,1,2,6.83 ,164
2935,1,2,3.80 ,174
2936,1,2,4.63 ,166
2937,1,1,7.89 ,183
2938,1,0,5.84 ,163
2939,2,1,8.73 ,183
2940,1,0,8.04 ,177
2941,1,2,7.18 ,160
2942,1,0,9.80 ,173
2943,2,1,8.26 ,186
2944,1,2,9.47 ,171
2945,0,2,6.16 ,167
2946,1,1,2.77 ,173
2947,1,2,5.83 ,181
2948,1,1,0.33 ,161
2949,0,2,1.86 ,180
2950,1,2,2.42 ,188
2951,1,0,5.58 ,184
2952,1,0,0.23 ,187
2953,1,1,5.23 ,185
2954,1,2,7.14 ,175
2955,2,1,2.32 ,164
2956,0,0,4.56 ,184
2957,1,2,9.03 ,161
2958,1,0,6.23 ,171
2959,1,0,9.08 ,168
2960,2,2,4.25 ,187
2961,1,1,4.02 ,188
2962,1,2,4.53 ,179
2963,2,2,1.09 ,190
2964,1,1,3.17 ,179
2965,0,1,6.59 ,182
2966,1,1,3.79 ,183
2967,1,0,7.19 ,176
2968,1,2,8.87 ,166
2969,1,0,3.93 ,161
2970,1,2,0.26 ,169
2971,1,0,1.50 ,164
2972,1,0,6.91 ,165
2973,1,1,1.49 ,182
2974,1,2,8.79 ,181
2975,1,0,0.47 ,164
2976,1,1,5.97 ,168
2977,0,2,3.55 ,189
2978,2,0,5.79 ,182
2979,1,0,9.09 ,164
2980,2,2,7.81 ,188
2981,0,2,7.61 ,163
2982,1,2,1.44 ,173
2983,1,0,6.64 ,186
2984,1,1,7.26 ,169
2985,1,2,7.17 ,168
2986,1,2,9.88 ,160
2987,1,1,1.89 ,187
2988,1,1,0.86 ,190
2989,1,1,9.97 ,182
2990,1,1,0.21 ,185
2991,1,0,0.36 ,180
2992,1,2,8.96 ,177
2993,2,1,9.95 ,180
2994,1,1,6.89 ,173
2995,1,0,1.41 ,162
2996,2,2,0.82 ,176
2997,1,0,1.83 ,172
2998,1,1,7.57 ,170
2999,2,1,9.95 ,179
3000,0,1,5.55 ,189
3001,1,2,9.39 ,175
3002,1,0,1.57 ,169
3003,1,1,0.36 ,165
3004,1,2,9.18 ,168
3005,1,0,9.66 ,172
3006,0,1,8.71 ,182
3007,1,1,5.16 ,188
3008,0,1,6.47 ,188
3009,1,2,4.87 ,184
3010,2,2,2.56 ,174
3011,1,2,4.13 ,190
3012,1,1,0.04 ,174
3013,1,0,7.70 ,190
3014,0,0,7.27 ,187
3015,1,2,6.73 ,166
3016,1,2,4.18 ,175
3017,1,2,0.07 ,190
3018,1,2,6.83 ,183
3019,2,0,8.07 ,190
3020,2,1,5.87 ,172
3021,0,0,8.13 ,187
3022,2,2,7.33 ,178
3023,2,0,5.79 ,164
3024,1,2,7.01 ,188
3025,1,0,7.47 ,178
3026,1,1,7.76 ,183
3027,1,1,5.78 ,169
3028,1,2,6.22 ,162
3029,1,2,8.28 ,178
3030,1,1,6.44 ,189
3031,1,1,2.63 ,164
3032,1,2,1.10 ,175
3033,1,2,4.63 ,161
3034,1,1,9.43 ,190
3035,1,2,5.35 ,174
3036,1,2,1.12 ,170
3037,1,1,2.31 ,186
3038,1,1,1.55 ,189
3039,1,2,4.99 ,163
3040,0,2,6.98 ,184
3041,1,1,7.61 ,172
3042,0,0,7.70 ,174
3043,1,1,3.08 ,169
3044,1,2,9.76 ,175
3045,1,1,9.55 ,168
3046,0,1,0.09 ,165
3047,1,2,2.30 ,188
3048,1,0,0.73 ,189
3049,1,1,7.89 ,180
3050,1,2,2.26 ,189
3051,1,1,2.46 ,166
3052,1,1,2.58 ,162
3053,1,1,7.46 ,171
3054,1,2,6.96 ,177
3055,1,1,2.54 ,172
3056,1,2,8.39 ,163
3057,1,0,2.18 ,177
3058,1,1,4.59 ,160
3059,1,1,9.50 ,184
3060,1,1,2.36 ,183
3061,2,0,6.93 ,185
3062,1,2,9.07 ,178
3063,1,1,0.51 ,160
3064,2,1,0.45 ,175
3065,1,2,0.40 ,169
3066,1,2,9.66 ,176
3067,0,0,2.86 ,189
3068,0,2,7.67 ,188
3069,1,2,4.35 ,175
3070,2,1,0.84 ,177
3071,1,0,9.84 ,161
3072,1,2,3.35 ,178
3073,1,2,1.09 ,183
3074,1,2,2.82 ,184
3075,1,1,2.02 ,173
3076,1,0,1.00 ,172
3077,1,2,1.17 ,183
3078,0,2,5.63 ,189
3079,1,1,9.74 ,174
3080,1,0,2.47 ,166
3081,0,0,2.83 ,166
3082,1,0,4.45 ,163
3083,1,1,8.62 ,180
3084,1,1,3.04 ,185
3085,1,2,4.57 ,171
3086,2,0,6.62 ,178
3087,1,2,6.48 ,167
3088,1,2,6.25 ,179
3089,1,1,7.53 ,163
3090,1,2,2.55 ,164
3091,1,2,4.25 ,173
3092,2,0,6.59 ,181
3093,1,1,3.25 ,175
3094,1,0,8.05 ,165
3095,1,2,0.86 ,188
3096,1,0,7.90 ,160
3097,1,2,8.19 ,183
3098,1,1,7.80 ,165
3099,2,1,0.71 ,174
3100,2,2,3.49 ,188
3101,0,0,2.78 ,164
3102,2,0,6.84 ,176
3103,1,1,9.29 ,186
3104,1,2,1.31 ,190
3105,1,1,2.31 ,177
3106,1,0,0.80 ,170
3107,1,1,4.98 ,170
3108,1,2,3.24 ,181
3109,1,2,9.21 ,174
3110,1,2,1.28 ,173
3111,1,1,4.99 ,183
3112,1,2,7.39 ,169
3113,1,0,7.56 ,179
3114,1,1,5.34 ,164
3115,2,2,0.20 ,186
3116,1,1,7.05 ,161
3117,1,2,7.64 ,176
3118,1,1,6.22 ,173
3119,1,2,6.25 ,168
3120,2,1,8.43 ,173
3121,1,1,5.16 ,166
3122,1,0,7.05 ,178
3123,1,1,7.41 ,176
3124,2,2,2.60 ,176
3125,1,2,6.94 ,169
3126,0,0,2.32 ,185
3127,0,1,7.55 ,160
3128,1,2,3.99 ,170
3129,1,0,3.65 ,163
3130,1,1,6.25 ,182
3131,1,1,3.58 ,164
3132,1,1,9.68 ,160
3133,1,2,2.44 ,174
3134,1,0,9.73 ,173
3135,1,0,3.64 ,185
3136,1,1,4.13 ,172
3137,1,0,1.55 ,187
3138,2,2,5.62 ,165
3139,1,0,1.35 ,184
3140,1,2,1.43 ,168
3141,1,2,9.11 ,174
3142,0,2,3.32 ,170
3143,1,1,3.19 ,186
3144,2,0,0.34 ,169
3145,1,1,2.80 ,175
3146,1,1,2.31 ,165
3147,1,1,3.02 ,189
3148,1,0,4.61 ,178
3149,1,2,2.15 ,189
3150,1,0,7.39 ,168
3151,1,0,8.46 ,190
3152,1,2,5.85 ,174
3153,1,2,8.61 ,160
3154,1,2,5.03 ,162
3155,1,1,1.46 ,165
3156,2,1,4.94 ,180
3157,1,0,3.58 ,169
3158,1,1,9.38 ,182
3159,1,2,9.00 ,182
3160,2,1,4.67 ,178
3161,1,1,4.70 ,164
3162,1,0,3.47 ,167
3163,0,0,3.68 ,170
3164,1,0,7.97 ,162
3165,1,2,1.66 ,166
3166,1,1,0.36 ,184
3167,1,0,3.04 ,179
3168,1,0,4.02 ,178
3169,1,2,7.49 ,177
3170,1,0,4.65 ,170
3171,2,2,6.99 ,170
3172,1,1,2.67 ,174
3173,2,0,5.60 ,178
3174,1,2,2.86 ,179
3175,1,0,8.58 ,177
3176,2,0,0.50 ,179
3177,0,0,3.93 ,174
3178,1,0,4.27 ,164
3179,1,0,1.63 ,174
3180,2,2,4.70 ,168
3181,1,0,8.52 ,186
3182,2,1,7.05 ,175
3183,2,0,2.07 ,171
3184,1,1,7.55 ,178
3185,1,1,0.60 ,177
3186,1,2,2.69 ,186
3187,1,0,3.06 ,181
3188,1,0,7.84 ,189
3189,1,0,2.70 ,168
3190,1,0,7.72 ,190
3191,2,1,0.15 ,173
3192,1,1,2.26 ,179
3193,1,2,0.69 ,169
3194,1,2,4.12 ,162
3195,2,2,6.50 ,167
3196,0,1,0.05 ,186
3197,1,2,2.36 ,174
3198,1,1,6.03 ,183
3199,1,0,0.18 ,189
3200,1,1,8.39 ,178
3201,0,2,0.92 ,161
3202,1,1,2.36 ,162
3203,1,1,8.63 ,182
3204,1,1,8.80 ,166
3205,1,0,8.67 ,188
3206,1,1,5.95 ,173
3207,2,2,5.47 ,167
3208,1,0,7.61 ,162
3209,1,0,7.02 ,172
3210,1,2,3.12 ,186
3211,2,0,1.64 ,174
3212,1,0,3.19 ,161
3213,1,2,3.55 ,167
3214,0,2,9.29 ,184
3215,1,0,4.53 ,184
3216,1,1,9.88 ,176
3217,1,1,7.23 ,170
3218,1,0,4.22 ,163
3219,1,2,0.94 ,173
3220,0,2,8.63 ,176
3221,1,1,3.36 ,184
3222,2,2,7.83 ,164
3223,1,0,5.30 ,185
3224,1,2,6.79 ,189
3225,1,1,5.21 ,178
3226,1,1,4.80 ,178
3227,1,2,8.74 ,178
3228,1,0,9.27 ,175
3229,1,2,9.98 ,184
3230,1,0,8.80 ,183
3231,1,1,3.27 ,169
3232,2,0,5.33 ,165
3233,1,0,3.17 ,175
3234,0,2,4.04 ,163
3235,1,1,0.01 ,172
3236,1,0,3.48 ,186
3237,0,0,5.56 ,168
3238,1,0,2.26 ,161
3239,1,0,6.77 ,188
3240,1,0,6.20 ,161
3241,1,0,1.48 ,186
3242,1,1,8.77 ,160
3243,1,1,5.01 ,181
3244,1,1,5.92 ,189
3245,1,2,2.46 ,164
3246,2,0,3.18 ,166
3247,2,2,0.05 ,189
3248,1,2,9.93 ,183
3249,1,0,9.99 ,170
3250,1,0,1.94 ,166
3251,1,1,9.48 ,177
3252,1,1,1.02 ,186
3253,2,2,6.76 ,179
3254,1,2,6.33 ,175
3255,1,2,1.13 ,181
3256,1,0,2.66 ,189
3257,1,0,2.13 ,174
3258,1,1,4.16 ,186
3259,2,1,6.09 ,190
3260,1,0,6.85 ,187
3261,1,2,0.39 ,162
3262,1,2,0.94 ,178
3263,2,2,2.56 ,176
3264,1,2,4.63 ,182
3265,2,0,0.47 ,164
3266,0,1,0.58 ,161
3267,1,0,9.23 ,181
3268,1,0,1.45 ,186
3269,1,0,9.78 ,176
3270,1,1,8.92 ,173
3271,1,1,7.83 ,166
3272,1,0,2.86 ,184
3273,1,0,7.97 ,181
3274,1,0,2.97 ,190
3275,2,2,0.03 ,185
3276,1,1,2.90 ,170
3277,1,2,6.81 ,179
3278,1,0,8.31 ,171
3279,1,1,6.08 ,172
3280,1,2,3.01 ,190
3281,1,1,0.35 ,181
3282,1,2,6.51 ,172
3283,1,1,3.74 ,185
3284,1,1,8.58 ,163
3285,1,2,6.24 ,174
3286,0,0,1.99 ,174
3287,1,2,1.44 ,174
3288,1,2,8.85 ,179
3289,0,2,3.29 ,170
3290,0,1,7.74 ,172
3291,1,0,8.57 ,182
3292,1,1,5.61 ,167
3293,1,1,2.39 ,166
3294,1,0,4.36 ,166
3295,1,2,9.15 ,164
3296,1,1,9.44 ,161
3297,1,0,2.07 ,181
3298,1,1,9.27 ,184
3299,1,0,9.12 ,176
3300,0,0,0.02 ,166
3301,1,2,8.68 ,169
3302,1,2,7.07 ,184
3303,1,1,4.35 ,178
3304,0,2,3.70 ,188
3305,1,1,7.52 ,164
3306,0,1,5.17 ,182
3307,0,0,8.26 ,171
3308,1,1,5.96 ,161
3309,1,0,6.20 ,182
3310,1,0,2.09 ,179
3311,2,0,3.15 ,190
3312,1,1,0.21 ,160
3313,1,0,7.12 ,181
3314,1,1,3.93 ,183
3315,1,2,8.65 ,168
3316,2,1,2.22 ,174
3317,1,0,2.58 ,172
3318,1,0,2.21 ,189
3319,1,0,0.60 ,160
3320,1,2,9.14 ,176
3321,1,0,7.43 ,171
3322,1,2,0.47 ,165
3323,1,0,2.83 ,186
3324,1,0,6.26 ,168
3325,1,1,3.14 ,188
3326,0,0,0.37 ,162
3327,2,0,2.59 ,168
3328,1,0,8.55 ,178
3329,1,0,1.69 ,179
3330,1,1,8.96 ,166
3331,1,0,8.34 ,167
3332,1,0,9.04 ,173
3333,1,1,0.60 ,169
3334,0,1,2.07 ,182
3335,1,2,2.66 ,167
3336,1,1,4.39 ,167
3337,1,2,0.67 ,178
3338,1,2,7.28 ,172
3339,1,0,9.10 ,185
3340,1,0,2.19 ,186
3341,2,1,3.07 ,186
3342,1,0,9.38 ,186
3343,1,2,4.03 ,160
3344,1,0,4.42 ,164
3345,1,2,6.67 ,177
3346,2,1,1.88 ,165
3347,1,1,2.53 ,179
3348,1,2,8.51 ,186
3349,2,2,5.33 ,190
3350,1,0,9.97 ,178
3351,1,0,4.79 ,189
3352,1,0,9.65 ,172
3353,1,1,8.08 ,169
3354,2,1,0.89 ,177
3355,1,0,1.33 ,183
3356,0,0,7.27 ,166
3357,2,0,3.08 ,189
3358,1,2,2.46 ,190
3359,1,2,2.41 ,187
3360,2,0,9.98 ,165
3361,1,1,3.56 ,178
3362,1,0,0.73 ,173
3363,1,1,6.16 ,163
3364,2,0,7.52 ,188
3365,1,2,0.40 ,166
3366,1,0,7.27 ,173
3367,1,1,0.11 ,163
3368,0,2,3.76 ,185
3369,1,0,6.26 ,184
3370,1,2,9.33 ,173
3371,1,2,9.17 ,182
3372,1,1,0.04 ,180
3373,1,0,1.14 ,174
3374,1,1,0.60 ,164
3375,2,1,0.44 ,181
3376,1,2,8.41 ,162
3377,1,0,6.22 ,186
3378,1,0,4.78 ,160
3379,0,1,9.67 ,164
3380,0,0,9.59 ,167
3381,1,2,1.04 ,172
3382,2,1,3.76 ,167
3383,1,2,3.70 ,181
3384,1,0,0.99 ,168
3385,1,1,9.58 ,174
3386,1,0,4.87 ,168
3387,1,1,2.53 ,170
3388,1,2,5.49 ,171
3389,1,0,4.05 ,183
3390,1,1,8.99 ,188
3391,1,2,9.06 ,179
3392,1,0,6.02 ,161
3393,1,2,7.07 ,184
3394,1,1,7.65 ,161
3395,1,1,5.39 ,173
3396,1,1,9.15 ,187
3397,2,0,3.85 ,185
3398,1,0,9.31 ,161
3399,1,0,8.34 ,183
3400,1,0,1.34 ,171
3401,1,1,8.61 ,168
3402,1,0,5.88 ,164
3403,1,0,7.46 ,180
3404,1,2,7.65 ,189
3405,1,0,5.55 ,176
3406,2,0,5.70 ,182
3407,1,2,3.47 ,161
3408,1,2,6.94 ,161
3409,1,2,8.58 ,165
3410,2,2,9.18 ,188
3411,1,1,2.03 ,187
3412,1,1,3.71 ,161
3413,2,1,0.04 ,176
3414,1,0,0.21 ,178
3415,1,2,1.56 ,164
3416,1,2,8.66 ,177
3417,1,0,8.18 ,168
3418,1,2,9.31 ,165
3419,1,0,7.89 ,174
3420,1,0,2.71 ,161
3421,1,2,1.44 ,166
3422,1,2,6.10 ,190
3423,1,0,9.84 ,162
3424,1,2,5.39 ,190
3425,1,2,3.41 ,183
3426,2,2,3.22 ,160
3427,1,1,7.13 ,170
3428,1,1,7.57 ,180
3429,2,0,9.53 ,173
3430,2,1,6.86 ,184
3431,1,1,8.12 ,162
3432,1,2,5.13 ,178
3433,1,1,4.37 ,160
3434,1,1,5.87 ,172
3435,1,1,4.73 ,187
3436,1,2,5.19 ,181
3437,1,2,1.99 ,187
3438,2,0,8.78 ,161
3439,2,0,3.04 ,174
3440,1,1,9.16 ,176
3441,1,2,4.78 ,187
3442,1,1,1.04 ,162
3443,1,1,7.20 ,184
3444,1,1,8.98 ,184
3445,2,1,2.35 ,186
3446,1,2,5.02 ,170
3447,1,2,5.95 ,162
3448,1,2,0.55 ,166
3449,1,0,6.80 ,163
3450,1,1,8.28 ,163
3451,1,1,7.89 ,183
3452,1,2,1.24 ,176
3453,0,2,5.08 ,166
3454,0,2,5.56 ,165
3455,1,0,9.37 ,173
3456,1,2,5.18 ,189
3457,1,1,5.49 ,188
3458,1,1,0.92 ,190
3459,1,0,3.35 ,189
3460,1,0,5.31 ,168
3461,1,0,1.50 ,182
3462,1,2,1.33 ,170
3463,0,2,8.23 ,169
3464,1,0,7.42 ,181
3465,1,2,4.55 ,164
3466,1,0,7.65 ,162
3467,1,2,2.90 ,168
3468,1,2,2.08 ,170
3469,0,0,8.47 ,162
3470,0,1,9.23 ,173
3471,1,1,0.31 ,174
3472,1,1,7.23 ,190
3473,1,0,9.80 ,179
3474,0,1,7.15 ,180
3475,1,1,2.24 ,160
3476,2,2,8.70 ,162
3477,0,2,0.61 ,165
3478,1,0,9.89 ,188
3479,1,2,6.92 ,176
3480,0,1,7.84 ,179
3481,1,1,6.17 ,180
3482,1,2,6.39 ,189
3483,1,0,6.51 ,161
3484,1,1,1.82 ,161
3485,1,2,1.94 ,172
3486,2,1,7.54 ,174
3487,1,2,6.90 ,161
3488,1,0,9.04 ,166
3489,1,0,1.29 ,177
3490,1,1,6.47 ,171
3491,0,1,7.98 ,190
3492,1,0,7.91 ,164
3493,2,2,4.63 ,175
3494,2,2,7.61 ,189
3495,1,2,4.48 ,167
3496,1,2,2.75 ,168
3497,1,2,0.76 ,174
3498,1,2,0.14 ,166
3499,2,1,2.04 ,177
3500,1,2,4.12 ,166
3501,1,1,3.01 ,183
3502,1,2,4.93 ,164
3503,1,2,3.35 ,170
3504,0,1,3.72 ,181
3505,1,1,0.85 ,190
3506,1,2,5.11 ,173
3507,1,2,3.20 ,168
3508,1,2,4.94 ,165
3509,1,0,8.85 ,190
3510,1,0,8.67 ,164
3511,1,2,1.91 ,162
3512,1,0,5.83 ,184
3513,2,0,4.09 ,177
3514,1,0,0.18 ,183
3515,1,2,1.52 ,178
3516,2,0,2.06 ,180
3517,1,1,8.58 ,172
3518,0,1,1.08 ,171
3519,1,0,9.17 ,164
3520,1,1,2.21 ,178
3521,1,0,3.33 ,161
3522,1,2,5.38 ,186
3523,1,0,0.05 ,163
3524,1,2,3.76 ,174
3525,1,2,2.25 ,163
3526,1,1,2.14 ,170
3527,1,2,2.40 ,174
3528,1,0,2.44 ,185
3529,1,1,5.14 ,167
3530,1,2,0.69 ,173
3531,1,1,7.26 ,179
3532,1,2,8.33 ,175
3533,1,1,6.59 ,174
3534,1,0,2.65 ,172
3535,1,2,4.29 ,166
3536,0,1,8.97 ,161
3537,1,2,0.14 ,176
3538,1,0,3.71 ,184
3539,2,0,1.46 ,171
3540,1,1,6.25 ,169
3541,0,2,9.97 ,173
3542,1,2,2.38 ,172
3543,1,0,2.17 ,188
3544,1,2,4.49 ,163
3545,2,1,2.36 ,187
3546,1,2,5.26 ,179
3547,1,0,7.72 ,179
3548,1,1,8.19 ,173
3549,1,1,9.71 ,174
3550,2,2,2.94 ,163
3551,1,0,9.18 ,164
3552,1,1,1.42 ,177
3553,1,1,5.41 ,173
3554,1,1,6.44 ,186
3555,1,1,7.33 ,161
3556,1,2,1.65 ,185
3557,1,2,4.26 ,179
3558,1,1,5.72 ,181
3559,1,0,4.97 ,183
3560,1,0,5.24 ,181
3561,1,2,5.65 ,172
3562,1,1,2.91 ,174
3563,0,0,3.32 ,183
3564,2,1,5.49 ,182
3565,2,0,3.09 ,179
3566,2,2,6.87 ,165
3567,1,2,0.57 ,183
3568,2,0,7.08 ,178
3569,0,0,4.64 ,185
3570,0,1,8.87 ,170
3571,1,2,8.03 ,160
3572,1,1,5.24 ,181
3573,1,0,9.23 ,176
3574,2,1,6.23 ,176
3575,0,2,5.21 ,178
3576,1,1,8.24 ,182
3577,1,2,1.81 ,161
3578,1,0,3.90 ,177
3579,1,1,0.85 ,168
3580,1,1,5.48 ,172
3581,2,0,4.59 ,175
3582,1,1,2.06 ,174
3583,1,0,1.06 ,183
3584,2,1,7.33 ,168
3585,1,0,7.87 ,184
3586,1,2,6.61 ,165
3587,0,2,2.18 ,166
3588,1,0,7.02 ,174
3589,1,0,0.78 ,173
3590,1,0,0.39 ,187
3591,1,2,4.11 ,172
3592,2,1,7.81 ,161
3593,1,0,1.45 ,175
3594,1,2,5.46 ,179
3595,1,1,8.17 ,163
3596,2,1,3.61 ,182
3597,1,0,5.73 ,171
3598,1,2,4.27 ,173
3599,1,2,7.90 ,169
3600,1,2,1.27 ,177
3601,1,1,3.34 ,163
3602,1,1,8.68 ,190
3603,1,2,8.26 ,172
3604,2,2,8.86 ,171
3605,1,1,2.40 ,162
3606,1,1,9.71 ,179
3607,2,0,2.04 ,188
3608,2,0,0.69 ,182
3609,2,0,6.79 ,173
3610,1,0,5.90 ,181
3611,1,2,5.80 ,161
3612,1,0,9.65 ,177
3613,1,0,0.59 ,190
3614,0,1,5.04 ,167
3615,1,1,8.33 ,167
3616,1,2,5.34 ,178
3617,1,0,2.79 ,163
3618,1,1,0.92 ,168
3619,1,0,2.47 ,167
3620,0,0,7.89 ,173
3621,2,2,0.65 ,190
3622,1,1,6.95 ,172
3623,2,0,8.88 ,176
3624,1,2,0.53 ,189
3625,1,0,7.82 ,161
3626,1,0,2.82 ,176
3627,1,0,4.52 ,169
3628,2,2,2.15 ,188
3629,1,2,9.11 ,171
3630,1,0,0.03 ,184
3631,1,1,7.81 ,173
3632,1,1,0.92 ,165
3633,0,1,8.67 ,169
3634,1,1,7.58 ,163
3635,1,1,2.72 ,183
3636,1,2,0.86 ,175
3637,1,1,1.16 ,178
3638,1,2,1.07 ,189
3639,1,2,5.07 ,171
3640,1,0,7.32 ,170
3641,1,1,0.63 ,175
3642,1,1,9.45 ,164
3643,1,2,7.67 ,170
3644,1,1,2.66 ,175
3645,1,2,1.26 ,183
3646,1,1,9.54 ,173
3647,1,0,9.05 ,173
3648,1,2,1.26 ,175
3649,1,0,8.31 ,188
3650,1,1,6.33 ,188
3651,1,1,2.93 ,168
3652,1,2,0.95 ,190
3653,1,1,2.51 ,163
3654,1,2,3.61 ,170
3655,1,1,2.09 ,165
3656,0,0,0.99 ,165
3657,1,0,4.18 ,172
3658,2,2,2.34 ,175
3659,1,1,4.58 ,178
3660,2,2,5.18 ,160
3661,1,1,1.62 ,164
3662,1,1,8.90 ,170
3663,1,2,6.87 ,187
3664,1,0,1.27 ,186
3665,1,1,1.72 ,165
3666,1,1,8.78 ,164
3667,1,0,0.40 ,169
3668,1,0,5.99 ,179
3669,0,2,9.78 ,189
3670,1,0,4.88 ,163
3671,1,1,4.73 ,161
3672,1,0,5.89 ,188
3673,1,0,1.99 ,187
3674,1,1,8.21 ,163
3675,1,0,1.56 ,167
3676,1,0,0.56 ,174
3677,1,2,4.17 ,174
3678,1,2,4.97 ,189
3679,2,0,2.21 ,164
3680,1,0,6.42 ,162
3681,1,2,3.03 ,165
3682,1,2,7.29 ,174
3683,1,1,1.45 ,174
3684,1,2,7.75 ,187
3685,1,0,7.47 ,171
3686,1,2,7.55 ,184
3687,1,2,5.11 ,181
3688,1,1,9.24 ,189
3689,1,0,2.70 ,188
3690,1,2,8.40 ,189
3691,1,2,4.19 ,175
3692,1,0,2.01 ,160
3693,2,2,7.95 ,185
3694,1,0,5.01 ,181
3695,0,0,6.84 ,169
3696,1,1,2.66 ,166
3697,1,1,2.15 ,171
3698,1,0,1.84 ,186
3699,0,1,6.39 ,178
3700,1,1,7.86 ,161
3701,1,2,9.41 ,165
3702,1,1,0.64 ,165
3703,1,1,8.83 ,168
3704,1,0,4.27 ,173
3705,1,0,2.52 ,174
3706,1,1,0.58 ,176
3707,1,2,8.47 ,187
3708,1,0,6.77 ,181
3709,1,2,3.27 ,166
3710,1,1,4.07 ,165
3711,1,1,9.49 ,183
3712,1,1,7.41 ,185
3713,1,0,2.53 ,167
3714,1,1,4.52 ,186
3715,1,2,7.64 ,188
3716,0,2,4.75 ,186
3717,1,2,0.09 ,169
3718,1,1,8.76 ,165
3719,1,0,9.78 ,168
3720,1,0,4.86 ,165
3721,1,1,7.12 ,180
3722,1,1,5.94 ,169
3723,1,2,2.68 ,163
3724,1,0,3.37 ,160
3725,1,2,7.21 ,177
3726,1,1,1.70 ,162
3727,1,2,4.64 ,177
3728,1,1,6.05 ,168
3729,1,2,5.04 ,173
3730,2,2,8.84 ,178
3731,1,0,2.57 ,174
3732,1,1,2.51 ,164
3733,1,2,7.80 ,164
3734,1,0,6.05 ,187
3735,2,0,9.52 ,168
3736,0,0,3.77 ,188
3737,1,1,0.12 ,170
3738,1,2,0.92 ,163
3739,1,2,8.55 ,167
3740,1,0,0.53 ,171
3741,1,2,4.75 ,170
3742,1,0,2.17 ,187
3743,2,1,6.07 ,170
3744,1,0,6.75 ,172
3745,1,0,4.20 ,160
3746,1,2,2.33 ,162
3747,1,0,7.89 ,160
3748,1,1,3.96 ,187
3749,1,2,8.05 ,172
3750,1,1,0.06 ,161
3751,1,1,2.06 ,172
3752,2,1,8.12 ,171
3753,1,0,0.04 ,181
3754,1,0,5.21 ,180
3755,1,1,8.26 ,167
3756,1,0,5.55 ,162
3757,1,1,8.40 ,174
3758,1,0,5.49 ,182
3759,1,0,8.04 ,172
3760,0,0,1.83 ,170
3761,1,1,0.29 ,180
3762,1,1,8.89 ,162
3763,1,2,3.47 ,177
3764,2,2,4.81 ,163
3765,1,2,7.77 ,182
3766,1,2,3.94 ,180
3767,1,2,3.54 ,164
3768,1,1,8.89 ,163
3769,1,0,2.05 ,186
3770,2,0,3.21 ,169
3771,1,2,8.08 ,165
3772,1,1,6.66 ,186
3773,1,1,1.00 ,185
3774,0,0,4.86 ,188
3775,1,1,5.99 ,188
3776,0,1,5.99 ,176
3777,1,0,5.77 ,184
3778,1,2,0.53 ,169
3779,1,0,2.33 ,160
3780,1,2,7.74 ,184
3781,1,0,4.67 ,174
3782,1,2,1.18 ,186
3783,1,2,1.40 ,164
3784,1,0,2.63 ,167
3785,1,0,9.51 ,185
3786,1,2,6.44 ,178
3787,1,2,9.05 ,181
3788,1,1,3.89 ,188
3789,2,1,5.66 ,172
3790,1,2,6.29 ,185
3791,1,2,5.06 ,164
3792,1,1,6.49 ,190
3793,1,2,6.70 ,183
3794,1,2,9.18 ,173
3795,1,0,1.31 ,178
3796,1,2,3.81 ,162
3797,1,2,4.58 ,184
3798,1,2,5.60 ,165
3799,1,1,5.91 ,170
3800,0,0,4.04 ,176
3801,0,1,5.97 ,171
3802,2,1,3.26 ,165
3803,1,0,5.81 ,190
3804,1,2,9.81 ,175
3805,2,0,7.74 ,184
3806,1,0,1.56 ,188
3807,1,1,3.46 ,184
3808,0,0,4.92 ,160
3809,2,1,5.40 ,169
3810,1,1,2.58 ,170
3811,1,2,4.61 ,179
3812,1,2,5.59 ,186
3813,2,0,2.29 ,174
3814,1,2,2.22 ,187
3815,2,2,8.03 ,190
3816,2,2,9.89 ,165
3817,1,0,7.20 ,175
3818,1,1,0.19 ,167
3819,1,2,7.86 ,184
3820,1,2,0.76 ,189
3821,1,2,6.97 ,177
3822,1,0,5.21 ,166
3823,1,2,6.01 ,181
3824,1,0,5.50 ,189
3825,1,1,4.89 ,171
3826,1,2,0.46 ,187
3827,2,2,5.19 ,174
3828,1,0,2.93 ,180
3829,1,2,4.74 ,187
3830,1,2,9.13 ,161
3831,1,2,1.13 ,179
3832,1,1,9.40 ,168
3833,1,1,6.21 ,163
3834,1,0,0.36 ,187
3835,1,2,4.87 ,174
3836,0,2,9.43 ,181
3837,1,1,0.85 ,166
3838,2,2,1.38 ,173
3839,1,0,6.13 ,173
3840,1,1,1.45 ,189
3841,1,0,8.11 ,165
3842,2,1,6.06 ,186
3843,2,2,1.60 ,170
3844,1,1,7.27 ,172
3845,1,2,9.96 ,183
3846,1,0,1.67 ,184
3847,2,0,3.86 ,161
3848,1,0,1.99 ,190
3849,1,1,5.26 ,179
3850,1,0,8.48 ,174
3851,1,1,3.14 ,184
3852,2,2,9.49 ,179
3853,1,0,1.45 ,185
3854,1,0,7.83 ,176
3855,1,1,3.54 ,163
3856,1,0,2.05 ,187
3857,1,2,9.58 ,170
3858,1,1,1.42 ,181
3859,1,2,4.96 ,178
3860,1,2,1.20 ,161
3861,1,0,0.99 ,190
3862,1,2,7.02 ,164
3863,0,0,2.62 ,189
3864,1,0,0.31 ,160
3865,1,0,5.45 ,180
3866,1,1,0.72 ,162
3867,1,1,6.59 ,178
3868,1,2,9.63 ,176
3869,1,0,8.24 ,166
3870,1,0,6.16 ,173
3871,1,2,9.18 ,179
3872,1,0,5.17 ,177
3873,0,2,0.53 ,165
3874,1,0,6.13 ,189
3875,1,1,3.99 ,188
3876,1,1,2.49 ,162
3877,1,0,2.13 ,172
3878,2,1,1.76 ,170
3879,1,0,0.41 ,186
3880,2,2,5.56 ,176
3881,1,2,6.74 ,170
3882,1,2,6.83 ,160
3883,0,2,4.36 ,166
3884,1,2,2.72 ,189
3885,1,2,1.41 ,185
3886,1,2,6.82 ,161
3887,1,2,6.69 ,175
3888,1,2,1.28 ,178
3889,1,1,5.44 ,172
3890,1,1,3.31 ,188
3891,2,0,4.10 ,190
3892,1,0,7.35 ,186
3893,1,2,7.46 ,164
3894,1,2,4.18 ,173
3895,0,1,0.42 ,164
3896,1,0,2.12 ,174
3897,2,2,7.32 ,163
3898,1,2,7.88 ,160
3899,1,0,3.43 ,189
3900,1,1,2.08 ,182
3901,1,1,3.95 ,175
3902,1,0,3.48 ,180
3903,1,1,9.05 ,190
3904,1,1,1.75 ,164
3905,1,1,0.92 ,169
3906,1,0,6.87 ,182
3907,0,1,2.21 ,180
3908,0,0,1.72 ,186
3909,1,1,3.10 ,183
3910,2,0,9.71 ,172
3911,0,0,7.31 ,165
3912,0,0,9.06 ,182
3913,1,2,9.08 ,190
3914,0,0,3.79 ,189
3915,1,1,7.37 ,162
3916,1,2,3.35 ,160
3917,2,1,2.78 ,177
3918,1,1,5.85 ,188
3919,1,0,2.44 ,172
3920,1,0,6.55 ,175
3921,2,1,5.04 ,169
3922,1,1,5.26 ,173
3923,1,0,1.13 ,188
3924,1,1,8.61 ,166
3925,1,1,8.64 ,168
3926,2,2,4.01 ,178
3927,1,2,9.05 ,161
3928,2,0,6.27 ,190
3929,0,2,3.44 ,178
3930,1,0,7.82 ,189
3931,1,2,2.88 ,162
3932,1,0,1.38 ,177
3933,1,2,9.58 ,173
3934,1,0,9.03 ,176
3935,1,0,3.60 ,177
3936,1,2,4.33 ,177
3937,1,2,7.55 ,160
3938,2,0,3.72 ,171
3939,1,0,4.19 ,182
3940,1,1,7.79 ,178
3941,1,2,6.29 ,188
3942,1,1,2.96 ,168
3943,1,2,4.11 ,186
3944,1,0,9.37 ,188
3945,1,1,2.65 ,180
3946,1,1,9.02 ,166
3947,1,2,4.95 ,169
3948,1,0,5.67 ,177
3949,2,2,0.25 ,175
3950,2,0,9.24 ,162
3951,1,0,0.09 ,177
3952,1,0,1.22 ,182
3953,1,0,6.98 ,184
3954,1,1,1.76 ,167
3955,2,2,0.94 ,171
3956,1,0,5.13 ,180
3957,1,2,9.17 ,169
3958,1,1,6.31 ,170
3959,1,0,5.08 ,186
3960,1,0,9.73 ,167
3961,1,0,5.34 ,162
3962,1,2,5.75 ,190
3963,1,2,1.56 ,172
3964,1,1,9.57 ,169
3965,0,2,7.07 ,186
3966,1,1,3.24 ,178
3967,1,2,6.59 ,185
3968,1,2,6.30 ,181
3969,1,1,7.03 ,165
3970,1,0,6.41 ,178
3971,0,0,7.78 ,163
3972,0,2,0.75 ,187
3973,1,1,9.75 ,164
3974,1,1,4.01 ,161
3975,2,1,9.24 ,177
3976,1,0,6.97 ,171
3977,1,1,4.43 ,183
3978,1,1,4.03 ,164
3979,2,0,8.13 ,183
3980,1,1,5.90 ,163
3981,2,2,8.74 ,183
3982,1,2,1.15 ,180
3983,1,0,8.84 ,182
3984,1,2,6.23 ,168
3985,1,1,9.19 ,177
3986,1,1,9.91 ,165
3987,2,1,2.87 ,176
3988,1,0,8.38 ,176
3989,1,1,6.86 ,173
3990,1,1,4.08 ,181
3991,1,1,0.97 ,172
3992,1,2,4.66 ,180
3993,1,1,1.77 ,178
3994,1,2,2.71 ,166
3995,1,2,1.58 ,180
3996,1,2,5.72 ,184
3997,0,1,4.16 ,175
3998,1,2,1.95 ,189
3999,1,1,6.83 ,178
4000,1,0,0.68 ,179
4001,1,0,1.72 ,183
4002,1,0,1.63 ,172
4003,0,1,7.26 ,185
4004,1,0,9.46 ,171
4005,1,0,4.35 ,190
4006,1,2,9.79 ,162
4007,1,2,4.11 ,171
4008,1,0,5.68 ,172
4009,0,1,0.94 ,173
4010,1,0,6.16 ,162
4011,2,0,6.67 ,172
4012,1,0,3.62 ,171
4013,1,1,6.81 ,161
4014,1,2,7.79 ,168
4015,2,0,3.09 ,182
4016,1,2,4.85 ,168
4017,1,2,0.97 ,165
4018,1,2,3.84 ,162
4019,1,0,6.32 ,184
4020,1,2,2.59 ,185
4021,2,0,7.68 ,179
4022,1,0,5.97 ,160
4023,1,2,5.69 ,176
4024,2,2,9.84 ,160
4025,1,2,3.29 ,182
4026,1,0,3.33 ,162
4027,0,1,6.70 ,186
4028,1,1,3.98 ,190
4029,1,0,1.56 ,180
4030,1,0,4.89 ,166
4031,2,1,7.30 ,166
4032,1,2,7.82 ,168
4033,2,1,3.04 ,179
4034,0,1,7.54 ,175
4035,1,2,5.14 ,184
4036,1,0,8.13 ,170
4037,1,2,1.86 ,164
4038,1,1,1.73 ,180
4039,2,0,9.86 ,169
4040,1,2,2.62 ,176
4041,1,2,3.46 ,163
4042,1,0,2.69 ,168
4043,1,0,9.54 ,166
4044,1,0,8.91 ,162
4045,1,1,7.52 ,188
4046,1,1,8.71 ,178
4047,1,2,2.12 ,178
4048,1,2,3.70 ,177
4049,1,0,1.42 ,180
4050,0,2,7.25 ,190
4051,1,2,4.33 ,179
4052,1,2,6.65 ,173
4053,1,2,9.57 ,182
4054,1,1,1.93 ,162
4055,1,2,8.41 ,161
4056,0,2,0.71 ,176
4057,1,2,0.07 ,165
4058,1,2,7.60 ,188
4059,2,0,2.08 ,186
4060,1,2,3.22 ,170
4061,1,0,4.17 ,163
4062,1,0,7.03 ,185
4063,1,0,1.33 ,188
4064,1,2,7.25 ,176
4065,0,0,5.84 ,174
4066,1,1,5.66 ,177
4067,1,1,8.26 ,165
4068,1,1,4.63 ,186
4069,1,1,0.44 ,182
4070,1,2,0.66 ,188
4071,1,1,8.39 ,187
4072,1,0,9.62 ,172
4073,0,2,9.76 ,163
4074,1,1,2.41 ,164
4075,1,0,4.84 ,163
4076,1,1,9.40 ,171
4077,2,2,0.87 ,173
4078,2,0,3.92 ,166
4079,0,0,7.71 ,186
4080,1,1,6.82 ,163
4081,0,0,5.90 ,175
4082,1,1,0.95 ,166
4083,2,1,9.82 ,173
4084,1,2,9.67 ,167
4085,1,0,1.66 ,165
4086,1,0,6.95 ,174
4087,0,1,7.68 ,183
4088,1,2,1.83 ,173
4089,1,0,6.79 ,163
4090,1,1,3.66 ,172
4091,1,2,3.37 ,184
4092,1,1,2.94 ,186
4093,1,1,3.40 ,186
4094,1,2,6.15 ,164
4095,1,1,8.89 ,186
4096,0,2,0.07 ,169
4097,1,2,7.49 ,162
4098,1,1,8.77 ,183
4099,1,2,8.17 ,180
4100,1,0,9.71 ,179
4101,1,1,3.11 ,176
4102,1,0,0.94 ,177
4103,1,1,5.74 ,189
4104,1,2,2.10 ,162
4105,1,0,1.73 ,188
4106,1,1,8.92 ,186
4107,1,2,4.28 ,180
4108,1,0,1.48 ,169
4109,0,1,9.78 ,164
4110,1,1,9.12 ,162
4111,0,2,0.32 ,186
4112,0,2,3.74 ,177
4113,1,1,2.64 ,188
4114,1,1,7.81 ,169
4115,1,2,3.70 ,163
4116,0,1,7.07 ,165
4117,2,1,1.23 ,160
4118,1,1,8.73 ,183
4119,1,1,9.38 ,165
4120,1,2,1.69 ,187
4121,1,2,2.72 ,186
4122,1,1,9.71 ,175
4123,1,1,0.97 ,170
4124,0,1,5.71 ,180
4125,1,1,8.29 ,174
4126,2,2,6.81 ,181
4127,2,2,8.02 ,189
4128,1,1,6.99 ,173
4129,1,0,4.80 ,164
4130,1,1,3.57 ,161
4131,2,0,5.22 ,162
4132,1,0,7.26 ,183
4133,1,2,8.69 ,165
4134,1,2,1.77 ,174
4135,1,0,2.10 ,189
4136,1,2,1.74 ,163
4137,1,0,5.83 ,183
4138,1,1,3.14 ,181
4139,1,0,4.88 ,177
4140,2,0,3.11 ,164
4141,1,1,2.75 ,185
4142,1,2,2.40 ,189
4143,0,2,3.87 ,173
4144,1,2,2.40 ,179
4145,2,1,7.70 ,176
4146,2,1,4.41 ,175
4147,1,1,7.18 ,174
4148,1,2,2.28 ,182
4149,1,1,9.14 ,187
4150,1,2,7.17 ,181
4151,1,1,9.79 ,182
4152,2,1,5.60 ,188
4153,1,1,1.30 ,178
4154,1,0,8.36 ,175
4155,1,0,9.74 ,163
4156,1,1,2.62 ,174
4157,1,0,5.68 ,173
4158,1,1,7.22 ,161
4159,1,1,9.04 ,171
4160,2,2,6.09 ,178
4161,1,2,1.36 ,163
4162,1,0,1.62 ,186
4163,2,2,0.29 ,167
4164,1,0,9.58 ,188
4165,0,2,7.52 ,183
4166,1,2,2.25 ,179
4167,1,1,7.28 ,170
4168,1,2,4.33 ,164
4169,1,2,4.77 ,160
4170,1,1,8.95 ,168
4171,1,1,4.51 ,168
4172,2,0,1.34 ,172
4173,1,2,6.06 ,179
4174,1,1,6.62 ,179
4175,1,1,8.29 ,161
4176,1,0,2.44 ,174
4177,1,0,3.24 ,161
4178,1,0,0.13 ,167
4179,1,2,3.20 ,190
4180,1,2,3.65 ,181
4181,1,2,5.85 ,174
4182,2,0,9.71 ,163
4183,2,1,8.23 ,171
4184,1,1,6.02 ,179
4185,1,0,9.72 ,168
4186,1,2,6.57 ,174
4187,1,2,2.08 ,178
4188,2,1,7.50 ,176
4189,1,0,7.93 ,167
4190,1,1,1.12 ,186
4191,1,0,0.42 ,171
4192,1,2,7.23 ,182
4193,2,0,0.29 ,161
4194,1,1,4.21 ,171
4195,1,2,5.40 ,166
4196,1,1,0.58 ,166
4197,1,0,6.79 ,187
4198,1,0,0.09 ,176
4199,1,2,3.36 ,177
4200,1,2,6.85 ,190
4201,1,0,9.54 ,167
4202,1,1,5.14 ,185
4203,1,0,6.19 ,172
4204,0,2,5.82 ,176
4205,2,2,7.32 ,161
4206,1,1,0.80 ,176
4207,2,2,4.07 ,168
4208,1,1,7.56 ,183
4209,1,2,2.34 ,177
4210,1,2,1.35 ,183
4211,0,0,7.77 ,166
4212,2,0,0.06 ,160
4213,1,2,5.71 ,170
4214,1,1,0.45 ,163
4215,2,2,5.22 ,165
4216,0,2,4.76 ,168
4217,1,0,3.36 ,180
4218,1,1,6.26 ,190
4219,1,2,4.59 ,174
4220,1,2,9.79 ,185
4221,1,2,9.48 ,180
4222,2,1,0.41 ,165
4223,1,2,6.10 ,178
4224,1,2,4.01 ,174
4225,1,1,3.72 ,183
4226,1,1,5.18 ,162
4227,1,1,0.91 ,170
4228,1,0,5.71 ,182
4229,1,0,0.39 ,175
4230,1,1,0.07 ,169
4231,1,0,6.85 ,167
4232,1,2,2.93 ,172
4233,1,2,1.48 ,183
4234,0,0,1.87 ,184
4235,1,1,5.18 ,160
4236,1,0,7.56 ,190
4237,1,0,5.68 ,189
4238,1,2,4.49 ,175
4239,2,1,5.90 ,173
4240,1,0,4.36 ,167
4241,1,1,5.55 ,161
4242,1,2,3.79 ,185
4243,2,1,9.83 ,161
4244,1,2,4.16 ,166
4245,1,0,6.40 ,160
4246,1,2,9.94 ,171
4247,1,2,2.10 ,166
4248,2,2,8.16 ,168
4249,1,0,0.39 ,178
4250,1,0,8.12 ,172
4251,1,0,5.15 ,182
4252,1,0,5.18 ,170
4253,1,1,0.48 ,160
4254,1,0,1.50 ,170
4255,1,1,3.48 ,189
4256,1,1,8.53 ,172
4257,1,2,2.03 ,179
4258,2,0,9.95 ,162
4259,1,0,5.67 ,165
4260,1,2,1.05 ,166
4261,1,1,6.79 ,174
4262,1,1,5.17 ,169
4263,1,2,4.42 ,189
4264,1,1,7.35 ,173
4265,2,0,0.07 ,177
4266,1,0,7.61 ,179
4267,1,0,4.14 ,165
4268,0,2,6.70 ,183
4269,1,0,0.21 ,164
4270,1,0,6.55 ,161
4271,1,0,3.05 ,171
4272,1,2,1.59 ,177
4273,1,1,8.23 ,160
4274,1,1,4.51 ,178
4275,2,0,6.43 ,177
4276,0,2,3.68 ,173
4277,0,1,2.86 ,176
4278,1,0,2.84 ,189
4279,0,2,8.96 ,187
4280,1,0,3.18 ,190
4281,2,1,8.15 ,181
4282,1,2,4.88 ,184
4283,1,0,8.95 ,174
4284,1,1,9.67 ,171
4285,2,2,5.57 ,182
4286,1,1,9.37 ,164
4287,2,1,7.47 ,178
4288,1,0,1.41 ,179
4289,0,1,7.66 ,175
4290,1,2,7.75 ,174
4291,1,2,2.86 ,184
4292,1,1,8.24 ,169
4293,1,0,0.70 ,171
4294,0,0,7.89 ,160
4295,2,0,1.75 ,164
4296,1,0,4.46 ,162
4297,1,2,2.22 ,182
4298,1,2,0.29 ,165
4299,1,1,1.85 ,167
4300,1,0,3.52 ,173
4301,1,1,0.05 ,180
4302,0,1,5.13 ,163
4303,1,0,8.12 ,163
4304,0,1,2.00 ,176
4305,1,1,6.76 ,183
4306,1,2,9.69 ,161
4307,1,0,1.36 ,183
4308,1,1,0.10 ,189
4309,1,2,4.69 ,188
4310,1,1,6.62 ,166
4311,0,1,4.75 ,168
4312,1,1,3.31 ,186
4313,1,2,8.31 ,172
4314,1,1,3.87 ,176
4315,1,0,7.24 ,169
4316,2,0,1.55 ,170
4317,1,1,1.43 ,171
4318,0,1,2.72 ,180
4319,1,0,7.83 ,160
4320,1,0,3.45 ,174
4321,0,0,3.85 ,174
4322,1,2,1.22 ,164
4323,2,1,9.50 ,163
4324,1,1,7.72 ,187
4325,1,1,2.16 ,165
4326,1,1,4.80 ,163
4327,2,0,4.66 ,175
4328,1,0,7.49 ,178
4329,1,0,0.66 ,161
4330,1,0,1.25 ,170
4331,1,1,8.72 ,162
4332,1,2,5.43 ,190
4333,1,0,0.07 ,181
4334,1,2,4.58 ,165
4335,1,0,9.50 ,190
4336,1,0,4.71 ,168
4337,1,0,6.12 ,168
4338,0,1,7.20 ,173
4339,0,2,2.08 ,190
4340,1,0,3.73 ,179
4341,0,2,1.13 ,165
4342,2,2,9.53 ,171
4343,1,2,2.41 ,190
4344,0,2,7.58 ,182
4345,2,1,8.78 ,186
4346,1,0,5.88 ,163
4347,1,2,8.27 ,179
4348,1,0,5.54 ,177
4349,2,2,0.09 ,189
4350,0,0,7.13 ,179
4351,1,1,3.75 ,176
4352,1,2,3.99 ,184
4353,1,1,3.16 ,173
4354,1,0,5.90 ,172
4355,1,1,2.85 ,162
4356,2,1,7.53 ,162
4357,2,2,5.05 ,183
4358,1,2,7.22 ,171
4359,1,2,8.60 ,179
4360,1,2,7.72 ,188
4361,0,1,8.49 ,179
4362,1,0,5.49 ,187
4363,2,2,0.12 ,188
4364,0,2,5.26 ,185
4365,1,2,3.55 ,160
4366,1,0,1.62 ,186
4367,1,1,1.75 ,177
4368,0,0,4.01 ,167
4369,1,1,7.56 ,167
4370,1,1,5.48 ,190
4371,1,2,9.64 ,173
4372,1,1,4.93 ,169
4373,1,2,1.52 ,179
4374,1,2,1.43 ,163
4375,1,2,7.61 ,169
4376,1,2,7.41 ,163
4377,1,0,8.08 ,161
4378,1,0,8.20 ,190
4379,1,1,7.44 ,182
4380,1,2,9.86 ,178
4381,1,1,0.77 ,184
4382,1,1,2.68 ,188
4383,1,1,3.80 ,162
4384,1,2,6.65 ,188
4385,1,2,3.21 ,172
4386,1,2,1.24 ,165
4387,1,1,5.82 ,165
4388,1,2,8.87 ,186
4389,1,0,5.99 ,167
4390,1,0,3.56 ,164
4391,1,1,6.98 ,171
4392,0,2,6.02 ,161
4393,1,1,2.27 ,164
4394,1,2,5.15 ,166
4395,1,1,7.83 ,183
4396,2,1,8.70 ,163
4397,1,0,2.87 ,173
4398,1,1,7.37 ,184
4399,1,1,7.24 ,178
4400,2,2,9.61 ,160
4401,1,2,5.30 ,175
4402,1,0,5.67 ,162
4403,1,1,1.87 ,186
4404,1,0,9.12 ,190
4405,2,2,7.81 ,170
4406,2,2,1.47 ,164
4407,1,0,1.21 ,169
4408,0,2,7.86 ,186
4409,1,1,9.78 ,172
4410,1,1,2.61 ,182
4411,1,2,9.46 ,167
4412,1,1,6.74 ,168
4413,1,0,1.74 ,171
4414,1,2,6.33 ,188
4415,1,0,4.63 ,161
4416,1,2,5.38 ,170
4417,1,2,5.00 ,186
4418,1,1,0.80 ,186
4419,2,0,4.06 ,166
4420,1,0,9.16 ,178
4421,1,2,4.65 ,175
4422,1,0,7.04 ,168
4423,1,0,7.99 ,162
4424,1,1,9.37 ,187
4425,1,1,7.82 ,163
4426,1,2,9.57 ,164
4427,1,1,0.98 ,173
4428,1,2,9.13 ,172
4429,1,0,5.89 ,184
4430,1,0,8.53 ,169
4431,1,1,9.51 ,177
4432,0,0,2.47 ,187
4433,1,0,9.67 ,184
4434,2,1,2.14 ,161
4435,0,0,2.68 ,180
4436,1,2,2.79 ,169
4437,1,2,4.04 ,162
4438,1,1,6.99 ,169
4439,0,2,2.52 ,182
4440,1,1,5.71 ,170
4441,1,0,4.80 ,171
4442,1,1,5.87 ,186
4443,1,1,4.95 ,165
4444,1,1,9.03 ,173
4445,1,0,1.46 ,162
4446,1,0,6.83 ,176
4447,1,0,3.00 ,176
4448,2,0,6.27 ,181
4449,1,1,9.84 ,183
4450,1,0,9.29 ,180
4451,1,1,6.38 ,163
4452,2,2,6.57 ,161
4453,1,2,1.10 ,184
4454,0,1,7.58 ,168
4455,1,1,5.57 ,166
4456,1,1,2.97 ,163
4457,1,1,4.11 ,160
4458,1,1,4.36 ,174
4459,1,1,3.56 ,180
4460,1,0,9.58 ,169
4461,1,0,5.06 ,161
4462,1,0,4.71 ,179
4463,1,1,6.61 ,169
4464,2,1,7.41 ,169
4465,1,1,3.99 ,167
4466,1,1,4.31 ,177
4467,1,1,0.84 ,162
4468,1,2,5.43 ,162
4469,1,0,2.78 ,172
4470,1,0,3.58 ,179
4471,1,1,5.31 ,177
4472,1,2,5.37 ,165
4473,1,2,8.11 ,170
4474,1,0,2.64 ,182
4475,2,0,2.41 ,163
4476,1,2,6.67 ,167
4477,1,1,1.04 ,181
4478,1,0,1.69 ,164
4479,1,1,0.67 ,161
4480,1,2,2.07 ,170
4481,1,0,0.68 ,189
4482,1,0,5.38 ,161
4483,1,1,1.57 ,181
4484,1,1,0.08 ,169
4485,0,2,9.22 ,188
4486,0,1,4.22 ,182
4487,1,1,7.22 ,189
4488,1,1,3.87 ,173
4489,1,2,9.10 ,160
4490,1,1,5.62 ,184
4491,1,0,1.31 ,182
4492,1,0,3.06 ,187
4493,1,0,1.15 ,170
4494,1,0,4.22 ,162
4495,1,2,8.19 ,164
4496,1,0,0.33 ,172
4497,1,1,6.47 ,182
4498,2,1,9.85 ,172
4499,1,2,8.05 ,178
4500,1,0,1.39 ,160
4501,2,0,5.11 ,160
4502,1,2,5.22 ,183
4503,1,2,2.08 ,186
4504,1,0,4.29 ,163
4505,1,0,0.62 ,186
4506,2,1,5.72 ,187
4507,1,2,5.17 ,170
4508,0,1,1.14 ,167
4509,1,2,0.01 ,166
4510,1,0,9.20 ,172
4511,1,0,7.12 ,163
4512,1,1,1.89 ,169
4513,1,1,7.30 ,173
4514,1,1,0.82 ,169
4515,1,0,5.59 ,166
4516,1,1,7.85 ,178
4517,1,2,2.95 ,163
4518,1,2,3.68 ,163
4519,1,2,8.94 ,183
4520,1,2,1.82 ,175
4521,1,0,8.76 ,163
4522,1,1,7.47 ,162
4523,1,1,3.42 ,163
4524,0,0,5.39 ,185
4525,1,1,0.85 ,183
4526,0,2,7.20 ,160
4527,1,2,1.87 ,190
4528,1,0,9.51 ,188
4529,1,1,9.84 ,181
4530,0,1,2.17 ,169
4531,2,2,6.11 ,170
4532,1,0,6.71 ,171
4533,1,1,0.30 ,188
4534,1,2,0.57 ,160
4535,1,2,2.10 ,180
4536,1,2,6.83 ,185
4537,2,0,4.56 ,163
4538,1,2,5.13 ,165
4539,1,1,0.87 ,160
4540,1,1,3.01 ,185
4541,1,2,6.33 ,173
4542,1,1,0.77 ,186
4543,0,2,4.75 ,160
4544,1,2,1.96 ,178
4545,1,0,3.71 ,165
4546,1,1,4.07 ,174
4547,1,0,4.03 ,190
4548,1,1,8.47 ,184
4549,1,0,5.03 ,185
4550,0,2,4.45 ,173
4551,1,2,5.93 ,172
4552,1,2,3.44 ,187
4553,1,1,6.63 ,166
4554,1,1,7.46 ,182
4555,1,1,8.38 ,174
4556,1,2,8.44 ,190
4557,0,2,6.13 ,176
4558,1,2,6.50 ,185
4559,1,2,8.67 ,180
4560,0,0,3.76 ,181
4561,0,2,4.28 ,177
4562,1,1,9.10 ,169
4563,1,1,2.57 ,168
4564,1,0,2.15 ,171
4565,1,1,7.89 ,183
4566,1,2,1.82 ,171
4567,1,0,2.67 ,186
4568,1,2,8.55 ,175
4569,1,1,9.60 ,174
4570,1,0,7.23 ,161
4571,1,0,8.28 ,189
4572,1,1,9.18 ,174
4573,1,2,2.52 ,188
4574,1,1,4.87 ,161
4575,1,1,2.15 ,161
4576,1,2,7.04 ,175
4577,1,0,9.55 ,187
4578,2,1,4.08 ,169
4579,1,1,4.83 ,188
4580,1,2,5.56 ,176
4581,1,0,4.66 ,189
4582,1,2,1.04 ,182
4583,1,0,5.64 ,181
4584,1,0,0.46 ,163
4585,1,1,9.01 ,167
4586,2,0,2.82 ,174
4587,1,1,8.73 ,188
4588,1,2,9.61 ,185
4589,1,1,8.39 ,183
4590,1,1,6.30 ,172
4591,0,2,4.23 ,160
4592,1,0,7.65 ,168
4593,1,0,0.03 ,164
4594,1,0,9.19 ,181
4595,1,0,6.03 ,174
4596,1,1,6.75 ,184
4597,1,2,6.04 ,160
4598,1,0,0.98 ,187
4599,1,2,0.76 ,165
4600,1,1,8.70 ,178
4601,1,1,7.04 ,178
4602,1,0,1.11 ,190
4603,0,1,8.15 ,189
4604,1,0,2.13 ,180
4605,1,1,3.29 ,183
4606,1,2,2.14 ,189
4607,1,0,6.43 ,167
4608,1,2,1.77 ,173
4609,1,0,0.18 ,172
4610,1,0,0.44 ,182
4611,1,0,8.75 ,168
4612,1,0,8.09 ,174
4613,1,1,2.93 ,179
4614,1,1,4.44 ,186
4615,1,2,9.33 ,176
4616,1,2,6.46 ,187
4617,1,0,8.31 ,180
4618,1,2,6.78 ,167
4619,1,0,0.48 ,187
4620,1,0,4.25 ,160
4621,1,0,0.18 ,176
4622,2,0,1.48 ,160
4623,0,2,0.16 ,166
4624,1,1,1.44 ,165
4625,0,0,7.43 ,185
4626,1,1,2.82 ,182
4627,1,2,5.98 ,161
4628,1,2,5.78 ,163
4629,1,0,7.79 ,185
4630,0,2,7.22 ,182
4631,1,1,5.36 ,183
4632,1,1,1.95 ,184
4633,1,0,5.33 ,160
4634,1,0,2.17 ,188
4635,1,2,6.53 ,188
4636,1,0,9.17 ,184
4637,2,0,1.98 ,183
4638,1,2,2.67 ,189
4639,2,2,1.73 ,167
4640,0,1,9.64 ,189
4641,2,2,8.84 ,182
4642,1,0,4.21 ,183
4643,1,0,6.06 ,179
4644,1,0,3.75 ,171
4645,1,1,5.59 ,165
4646,0,0,6.61 ,176
4647,2,2,0.75 ,174
4648,1,1,6.53 ,160
4649,1,0,3.89 ,173
4650,0,1,4.70 ,171
4651,1,0,4.90 ,188
4652,1,0,3.66 ,177
4653,1,1,6.16 ,186
4654,1,1,4.37 ,173
4655,1,1,0.59 ,175
4656,1,0,0.32 ,185
4657,1,1,1.10 ,168
4658,1,0,5.19 ,190
4659,1,2,9.34 ,172
4660,1,2,0.21 ,179
4661,1,0,6.73 ,172
4662,1,1,7.70 ,181
4663,0,1,8.22 ,163
4664,1,2,6.66 ,166
4665,1,1,4.71 ,163
4666,1,2,2.90 ,180
4667,1,2,3.37 ,189
4668,2,1,1.66 ,190
4669,1,1,9.09 ,190
4670,0,1,2.54 ,170
4671,1,1,3.55 ,161
4672,0,1,8.74 ,160
4673,1,1,2.89 ,167
4674,1,1,0.80 ,186
4675,1,1,0.68 ,178
4676,0,0,8.64 ,165
4677,1,2,8.53 ,168
4678,1,1,3.99 ,177
4679,1,1,1.26 ,178
4680,2,0,2.43 ,189
4681,1,1,1.59 ,187
4682,1,2,1.95 ,181
4683,1,2,8.04 ,167
4684,2,0,1.08 ,183
4685,1,0,8.73 ,171
4686,2,1,8.49 ,162
4687,1,1,3.18 ,161
4688,1,2,5.59 ,168
4689,0,1,9.80 ,185
4690,1,1,3.50 ,188
4691,1,0,0.31 ,176
4692,1,2,5.38 ,166
4693,1,2,3.88 ,186
4694,1,0,6.39 ,182
4695,1,2,8.99 ,168
4696,1,0,3.60 ,177
4697,1,2,5.60 ,187
4698,1,1,8.15 ,184
4699,1,1,1.56 ,161
4700,1,2,3.80 ,160
4701,2,0,7.99 ,181
4702,1,2,6.70 ,183
4703,2,0,6.49 ,160
4704,1,1,3.00 ,185
4705,1,2,2.29 ,178
4706,1,1,9.08 ,168
4707,1,2,5.72 ,172
4708,2,2,9.64 ,180
4709,1,0,0.99 ,165
4710,1,2,9.38 ,168
4711,1,2,1.54 ,186
4712,1,0,6.95 ,172
4713,2,0,5.96 ,169
4714,1,1,8.58 ,183
4715,1,0,2.34 ,173
4716,1,0,0.50 ,177
4717,1,1,9.49 ,183
4718,1,1,2.72 ,179
4719,1,2,5.18 ,186
4720,1,0,7.73 ,185
4721,1,2,9.56 ,164
4722,1,0,6.68 ,187
4723,1,0,7.68 ,188
4724,1,2,1.14 ,179
4725,1,1,8.36 ,186
4726,1,2,4.32 ,189
4727,1,1,7.80 ,189
4728,1,1,2.86 ,166
4729,1,1,4.49 ,161
4730,1,1,3.11 ,167
4731,1,0,8.24 ,180
4732,1,0,9.69 ,167
4733,1,0,6.60 ,168
4734,1,0,2.60 ,185
4735,1,0,5.61 ,187
4736,1,1,9.43 ,172
4737,1,2,9.55 ,181
4738,1,0,7.49 ,185
4739,0,0,6.48 ,180
4740,1,2,8.61 ,170
4741,1,0,4.02 ,183
4742,1,0,0.79 ,176
4743,1,0,2.86 ,182
4744,1,0,5.05 ,173
4745,1,2,2.16 ,188
4746,0,0,5.47 ,184
4747,1,0,9.87 ,166
4748,1,2,1.49 ,171
4749,1,0,6.52 ,186
4750,1,0,5.42 ,182
4751,0,2,9.09 ,188
4752,2,2,1.72 ,161
4753,2,1,7.68 ,174
4754,1,2,8.42 ,187
4755,2,2,2.74 ,166
4756,1,2,2.55 ,186
4757,1,1,6.24 ,161
4758,1,2,5.27 ,170
4759,0,0,5.23 ,177
4760,0,0,2.12 ,181
4761,1,1,5.20 ,174
4762,2,1,1.67 ,162
4763,1,0,8.97 ,187
4764,2,1,6.11 ,185
4765,2,0,1.39 ,178
4766,1,2,5.61 ,160
4767,1,2,3.52 ,175
4768,1,1,5.34 ,170
4769,1,1,2.96 ,176
4770,1,1,8.04 ,172
4771,1,1,4.97 ,175
4772,0,1,6.19 ,180
4773,2,2,3.08 ,186
4774,1,1,9.48 ,187
4775,1,1,1.31 ,168
4776,1,1,7.21 ,162
4777,2,0,0.64 ,173
4778,1,0,5.87 ,179
4779,1,0,2.12 ,165
4780,1,2,4.64 ,160
4781,2,2,5.79 ,166
4782,0,2,9.55 ,162
4783,1,0,2.99 ,179
4784,1,0,3.38 ,172
4785,1,0,7.67 ,171
4786,1,2,8.24 ,175
4787,1,0,6.50 ,167
4788,1,2,5.41 ,170
4789,1,1,7.99 ,183
4790,1,0,6.12 ,165
4791,1,1,6.23 ,182
4792,1,0,5.72 ,164
4793,1,2,8.47 ,186
4794,1,1,4.78 ,167
4795,0,1,2.94 ,179
4796,1,0,8.13 ,171
4797,1,1,0.33 ,163
4798,1,2,1.86 ,166
4799,1,2,0.45 ,174
4800,1,2,3.10 ,173
4801,1,2,5.82 ,167
4802,1,1,0.95 ,178
4803,1,2,9.47 ,163
4804,1,1,5.11 ,168
4805,1,2,1.87 ,170
4806,1,2,4.30 ,190
4807,1,0,0.80 ,184
4808,1,1,7.08 ,173
4809,1,2,3.70 ,187
4810,1,1,3.80 ,164
4811,1,0,3.39 ,179
4812,1,2,2.58 ,186
4813,0,2,5.43 ,185
4814,1,2,1.83 ,174
4815,1,0,8.67 ,188
4816,1,0,2.83 ,174
4817,1,0,2.87 ,185
4818,1,1,3.33 ,172
4819,1,1,3.27 ,170
4820,1,0,1.87 ,168
4821,1,0,5.23 ,160
4822,1,2,4.38 ,168
4823,2,0,1.79 ,182
4824,1,1,4.14 ,187
4825,1,1,2.91 ,180
4826,1,0,8.46 ,166
4827,2,1,1.06 ,174
4828,1,1,1.42 ,177
4829,1,0,2.59 ,163
4830,1,1,9.46 ,174
4831,1,0,0.38 ,175
4832,0,2,2.96 ,188
4833,0,2,8.83 ,176
4834,1,0,2.05 ,176
4835,1,2,4.50 ,181
4836,1,1,8.56 ,167
4837,1,0,5.24 ,169
4838,1,1,6.25 ,167
4839,1,1,3.45 ,189
4840,1,0,1.20 ,187
4841,1,1,1.31 ,185
4842,1,1,5.04 ,161
4843,1,0,8.90 ,180
4844,1,0,7.32 ,161
4845,1,2,2.14 ,177
4846,1,1,2.15 ,186
4847,1,0,8.24 ,163
4848,1,0,0.24 ,182
4849,1,0,5.45 ,171
4850,1,1,1.68 ,182
4851,1,1,7.36 ,186
4852,0,2,3.24 ,169
4853,2,2,3.77 ,182
4854,2,2,1.21 ,169
4855,1,2,5.42 ,190
4856,1,0,2.91 ,180
4857,1,1,0.09 ,161
4858,1,1,1.18 ,168
4859,1,2,4.68 ,162
4860,2,1,7.43 ,181
4861,1,0,2.82 ,161
4862,1,1,4.60 ,174
4863,1,1,5.80 ,186
4864,2,1,3.83 ,160
4865,1,2,2.43 ,163
4866,1,0,7.04 ,189
4867,1,0,5.85 ,178
4868,1,0,8.47 ,172
4869,1,0,6.68 ,182
4870,1,1,0.55 ,180
4871,1,0,3.57 ,176
4872,1,2,5.19 ,172
4873,2,1,9.83 ,174
4874,1,2,2.84 ,178
4875,1,2,0.92 ,175
4876,1,2,8.89 ,184
4877,1,0,6.67 ,164
4878,1,0,4.66 ,190
4879,1,0,9.36 ,166
4880,1,1,8.89 ,168
4881,1,0,8.85 ,162
4882,1,2,6.49 ,176
4883,1,2,9.46 ,179
4884,2,1,5.00 ,162
4885,2,1,2.50 ,171
4886,1,1,5.56 ,165
4887,1,1,3.80 ,160
4888,1,2,8.01 ,164
4889,1,0,1.80 ,170
4890,1,1,3.23 ,168
4891,1,0,4.96 ,181
4892,1,0,4.62 ,177
4893,1,2,0.74 ,179
4894,1,2,9.59 ,174
4895,1,2,7.90 ,176
4896,1,2,5.61 ,183
4897,2,0,4.53 ,180
4898,2,1,8.92 ,166
4899,1,1,1.30 ,177
4900,1,1,3.35 ,171
4901,1,1,7.60 ,167
4902,1,2,5.54 ,174
4903,1,0,1.27 ,177
4904,1,2,8.32 ,176
4905,1,0,0.87 ,176
4906,1,0,7.98 ,187
4907,1,2,7.22 ,162
4908,1,0,5.72 ,169
4909,1,0,5.79 ,167
4910,1,1,9.33 ,165
4911,1,1,3.29 ,163
4912,1,1,6.14 ,162
4913,1,1,8.76 ,170
4914,1,0,6.27 ,178
4915,1,1,7.89 ,166
4916,1,0,2.93 ,168
4917,1,2,0.58 ,184
4918,1,1,0.32 ,174
4919,0,2,6.69 ,181
4920,1,1,7.63 ,176
4921,1,2,4.79 ,162
4922,1,1,1.33 ,165
4923,1,1,6.25 ,182
4924,1,0,9.19 ,170
4925,2,1,8.18 ,181
4926,2,1,9.72 ,171
4927,1,0,9.50 ,179
4928,1,1,3.54 ,190
4929,1,2,8.33 ,170
4930,1,0,2.13 ,177
4931,1,2,2.94 ,184
4932,1,0,7.79 ,181
4933,2,0,8.35 ,177
4934,1,1,8.28 ,186
4935,1,2,8.77 ,180
4936,2,1,1.20 ,163
4937,1,2,4.55 ,173
4938,1,2,2.77 ,184
4939,2,2,7.06 ,185
4940,0,0,2.23 ,165
4941,1,1,8.41 ,166
4942,1,2,4.92 ,185
4943,1,1,6.35 ,175
4944,1,0,7.59 ,163
4945,1,2,6.76 ,164
4946,1,1,1.61 ,185
4947,1,1,4.42 ,165
4948,1,2,7.10 ,190
4949,1,2,0.39 ,163
4950,1,2,5.57 ,164
4951,1,1,0.47 ,165
4952,1,2,7.22 ,164
4953,1,1,2.84 ,160
4954,1,1,8.25 ,167
4955,1,2,0.14 ,163
4956,1,0,4.94 ,161
4957,0,2,7.56 ,185
4958,1,2,1.94 ,162
4959,1,2,8.31 ,173
4960,1,2,9.22 ,184
4961,1,0,4.80 ,162
4962,1,2,8.08 ,176
4963,0,2,0.91 ,171
4964,1,0,8.26 ,166
4965,1,1,5.62 ,180
4966,1,0,8.00 ,170
4967,1,2,6.52 ,182
4968,1,1,3.52 ,181
4969,1,2,2.77 ,178
4970,1,2,9.57 ,180
4971,1,1,7.81 ,174
4972,1,0,3.99 ,189
4973,1,0,0.92 ,187
4974,1,1,2.50 ,188
4975,1,0,5.72 ,183
4976,1,2,8.45 ,178
4977,1,2,7.61 ,166
4978,1,0,8.64 ,169
4979,1,0,1.17 ,184
4980,1,2,2.66 ,166
4981,2,1,9.15 ,178
4982,1,1,9.07 ,183
4983,1,2,3.40 ,168
4984,1,0,1.78 ,181
4985,1,2,4.83 ,178
4986,1,2,9.86 ,185
4987,1,1,3.58 ,177
4988,2,1,1.39 ,168
4989,0,2,1.92 ,171
4990,1,1,2.65 ,174
4991,1,2,8.37 ,163
4992,1,1,8.83 ,161
4993,1,2,6.47 ,160
4994,1,1,0.78 ,177
4995,1,1,6.62 ,183
4996,1,2,6.42 ,169
4997,1,1,4.93 ,174
4998,1,0,9.71 ,181
4999,0,2,2.68 ,188
5000,1,0,3.49 ,173
